-- phpMyAdmin SQL Dump
-- version 5.2.1
-- https://www.phpmyadmin.net/
--
-- Host: 127.0.0.1
-- Generation Time: Dec 25, 2024 at 09:24 PM
-- Wersja serwera: 10.4.32-MariaDB
-- Wersja PHP: 8.2.12

SET SQL_MODE = "NO_AUTO_VALUE_ON_ZERO";
START TRANSACTION;
SET time_zone = "+00:00";


/*!40101 SET @OLD_CHARACTER_SET_CLIENT=@@CHARACTER_SET_CLIENT */;
/*!40101 SET @OLD_CHARACTER_SET_RESULTS=@@CHARACTER_SET_RESULTS */;
/*!40101 SET @OLD_COLLATION_CONNECTION=@@COLLATION_CONNECTION */;
/*!40101 SET NAMES utf8mb4 */;

--
-- Database: `sales`
--

-- --------------------------------------------------------

--
-- Struktura tabeli dla tabeli `clients`
--

CREATE TABLE `clients` (
  `id` bigint(20) NOT NULL,
  `imie` varchar(255) DEFAULT NULL,
  `nazwisko` varchar(255) DEFAULT NULL,
  `email` varchar(255) DEFAULT NULL,
  `ulica` varchar(255) DEFAULT NULL,
  `nr_lokalu` varchar(255) DEFAULT NULL,
  `kod_pocztowy` varchar(255) DEFAULT NULL,
  `miasto` varchar(255) DEFAULT NULL,
  `kod_kraju` varchar(255) DEFAULT NULL,
  `telefon` varchar(255) DEFAULT NULL
) ENGINE=InnoDB DEFAULT CHARSET=utf8mb4 COLLATE=utf8mb4_general_ci;

--
-- Dumping data for table `clients`
--

INSERT INTO `clients` (`id`, `imie`, `nazwisko`, `email`, `ulica`, `nr_lokalu`, `kod_pocztowy`, `miasto`, `kod_kraju`, `telefon`) VALUES
(14, 'Julia', 'Olszewska', 'julia.olszewska@example.com', 'Sikorskiego', '99A', '26-001', 'Radom', '+48', '435678901'),
(15, 'Michał', 'Wiatr', 'michal.wiatr@example.com', 'Gorzysława', '8', '80-002', 'Gdańsk', '+48', '546789012'),
(18, 'Wanda', 'Kwiatkowska', 'wanda.kwiatkowska@example.com', 'Warszawska', '9', '35-100', 'Rzeszów', '+48', '879012345'),
(19, 'Krzysztof', 'Czajka', 'krzysztof.czajka@example.com', 'Bohaterów Warszawy', '33', '61-100', 'Poznań', '+48', '980123456'),
(20, 'Alicja', 'Kaczmarczyk', 'alicja.kaczmarczyk@example.com', 'Główna', '2B', '16-001', 'Toruń', '+48', '123098456'),
(21, 'Rafał', 'Krzemiński', 'rafal.krzeminski@example.com', 'Zachodnia', '17A', '50-001', 'Wrocław', '+48', '210987654'),
(22, 'Dorota', 'Pawlak', 'dorota.pawlak@example.com', 'Lipowa', '12C', '45-001', 'Opole', '+48', '321098765'),
(23, 'Sebastian', 'Sienkiewicz', 'sebastian.sienkiewicz@example.com', 'Stawowa', '14', '14-100', 'Toruń', '+48', '432109876'),
(24, 'Irena', 'Kowalik', 'irena.kowalik@example.com', 'Bławatna', '18B', '60-500', 'Poznań', '+48', '543210987'),
(25, 'Maciej', 'Kaczmarek', 'maciej.kaczmarek@example.com', 'Polan', '9A', '18-100', 'Siedlce', '+48', '654321098'),
(26, 'Patryk', 'Zawisza', 'patryk.zawisza@example.com', 'Nadbrzeżna', '3', '31-101', 'Kraków', '+48', '765432109'),
(27, 'Justyna', 'Mazurek', 'justyna.mazurek@example.com', 'Bielska', '4C', '42-100', 'Zabrze', '+48', '876543210'),
(28, 'Sławomir', 'Jabłoński', 'slawomir.jablonski@example.com', 'Jasna', '11', '01-100', 'Warszawa', '+48', '987654321'),
(29, 'Marta', 'Górska', 'marta.gorska@example.com', 'Polska', '20A', '10-100', 'Gdańsk', '+48', '123876543'),
(30, 'Grzegorz', 'Rogowski', 'grzegorz.rogowski@example.com', 'Błonie', '15', '90-001', 'Łódź', '+48', '234987654'),
(31, 'Wiesław', 'Kwiatkowski', 'wieslaw.kwiatkowski@example.com', 'Nowa', '21', '22-500', 'Bydgoszcz', '+48', '345987654'),
(32, 'Halina', 'Król', 'halina.krol@example.com', 'Opolska', '8B', '44-200', 'Gliwice', '+48', '456987654'),
(33, 'Marcin', 'Lis', 'marcin.lis@example.com', 'Jasnogórska', '4A', '35-200', 'Częstochowa', '+48', '567987654'),
(34, 'Kinga', 'Chmiel', 'kinga.chmiel@example.com', 'Morska', '2C', '70-500', 'Szczecin', '+48', '678987654'),
(35, 'Leon', 'Wojciechowski', 'leon.wojciechowski@example.com', 'Zielona', '6B', '30-500', 'Lublin', '+48', '789987654'),
(36, 'Monika', 'Bąk', 'monika.bak@example.com', 'Chabrowa', '12A', '25-500', 'Kraków', '+48', '890987654'),
(37, 'Grzegorz', 'Pawlak', 'grzegorz.pawlak@example.com', 'Sienkiewicza', '7', '20-300', 'Lublin', '+48', '901987654'),
(38, 'Weronika', 'Skowrońska', 'weronika.skowronska@example.com', 'Długa', '1A', '30-300', 'Poznań', '+48', '102345678'),
(39, 'Krzysztof', 'Borkowski', 'krzysztof.borkowski@example.com', 'Słoneczna', '9B', '42-100', 'Opole', '+48', '213456789'),
(40, 'Beata', 'Pawlowska', 'beata.pawlowska@example.com', 'Kwiatowa', '3', '43-300', 'Bielsko-Biała', '+48', '324567890'),
(41, 'Jarosław', 'Kleczek', 'jaroslaw.kleczek@example.com', 'Mazowiecka', '10B', '50-200', 'Wrocław', '+48', '435678901'),
(42, 'Michał', 'Malinowski', 'michal.malinowski@example.com', 'Jagiellońska', '5', '15-500', 'Białystok', '+48', '546789012'),
(44, 'Szymon', 'Ślusarczyk', 'szymon.slusarczyk@example.com', 'Południowa', '7C', '42-300', 'Opole', '+48', '768901234'),
(46, 'Paweł', 'Jasiński', 'pawel.jasinski@example.com', 'Kwiatowa', '2A', '01-001', 'Warszawa', '+48', '980123456'),
(47, 'Barbara', 'Kozłowska', 'barbara.kozlowska@example.com', 'Lwowska', '19A', '24-500', 'Tarnów', '+48', '102345678'),
(48, 'Tadeusz', 'Jakubowski', 'tadeusz.jakubowski@example.com', 'Brzozowa', '8', '39-100', 'Rzeszów', '+48', '213456789'),
(49, 'Cezary', 'Sienkiewicz', 'cezary.sienkiewicz@example.com', 'Biskupa Jordana', '6', '72-300', 'Szczecin', '+48', '324567890'),
(50, 'Izabela', 'Matusiak', 'izabela.matusiak@example.com', 'Żernickie', '5B', '32-500', 'Kraków', '+48', '435678901'),
(51, 'Marek', 'Bielski', 'marek.bielski@example.com', 'Wielkopolska', '12', '10-001', 'Olsztyn', '+49', '1523456789'),
(52, 'Natalia', 'Pietrzyk', 'natalia.pietrzyk@example.com', 'Góralska', '34A', '30-001', 'Kraków', '+49', '1609876543'),
(53, 'Andrzej', 'Nowicki', 'andrzej.nowicki@example.com', 'Pięciomorgowa', '5', '25-100', 'Lublin', '+49', '1712345678'),
(54, 'Sylwia', 'Krawczyk', 'sylwia.krawczyk@example.com', 'Białostocka', '2C', '60-001', 'Gdańsk', '+48', '601234567'),
(55, 'Wojciech', 'Brzozowski', 'wojciech.brzozowski@example.com', 'Mickiewicza', '4', '70-001', 'Szczecin', '+49', '1523456789'),
(56, 'Marta', 'Jurek', 'marta.jurek@example.com', 'Warszawska', '7A', '80-001', 'Poznań', '+48', '702345678'),
(57, 'Zbigniew', 'Lewandowski', 'zbigniew.lewandowski@example.com', 'Lwowska', '3', '65-001', 'Łódź', '+49', '1765432109'),
(58, 'Katarzyna', 'Wilk', 'katarzyna.wilk@example.com', 'Kochanowskiego', '9A', '35-100', 'Rzeszów', '+48', '708765432'),
(59, 'Tomasz', 'Chmielewski', 'tomasz.chmielewski@example.com', 'Bławatna', '1', '40-200', 'Katowice', '+49', '1798765432'),
(60, 'Marcin', 'Jankowski', 'marcin.jankowski@example.com', 'Słowiańska', '22', '80-100', 'Gdańsk', '+48', '709876543'),
(61, 'Alicja', 'Borys', 'alicja.borys@example.com', 'Ogrodowa', '6', '50-001', 'Wrocław', '+49', '1723456789'),
(64, 'Agnieszka', 'Olszewska', 'agnieszka.olszewska@example.com', 'Krakowska', '2B', '52-100', 'Wrocław', '+48', '733456789'),
(65, 'Szymon', 'Jasiński', 'szymon.jasinski@example.com', 'Długa', '5', '45-500', 'Kielce', '+49', '1754321098'),
(66, 'Paweł', 'Kwiatkowski', 'pawel.kwiatkowski@example.com', 'Pięciomorgowa', '1C', '23-100', 'Częstochowa', '+48', '744567890'),
(67, 'Barbara', 'Czajka', 'barbara.czajka@example.com', 'Zielona', '2B', '80-300', 'Warszawa', '+49', '1898765432'),
(68, 'Tadeusz', 'Michalski', 'tadeusz.michalski@example.com', 'Sikorskiego', '4', '77-100', 'Lublin', '+48', '755678901'),
(69, 'Grzegorz', 'Zieliński', 'grzegorz.zielinski@example.com', 'Słowiańska', '3', '70-200', 'Poznań', '+49', '1601234567'),
(70, 'Kamila', 'Mazur', 'kamila.mazur@example.com', 'Kochanowskiego', '15', '22-100', 'Toruń', '+48', '766789012'),
(71, 'Andrzej', 'Mazurek', 'andrzej.mazurek@example.com', 'Targowa', '5A', '30-200', 'Lublin', '+49', '1712345678'),
(72, 'Daria', 'Stefaniak', 'daria.stefaniak@example.com', 'Narutowicza', '7', '22-400', 'Gdańsk', '+48', '778901234'),
(73, 'Krzysztof', 'Rogowski', 'krzysztof.rogowski@example.com', 'Jasna', '11A', '32-100', 'Opole', '+49', '1543456789'),
(74, 'Ewa', 'Górska', 'ewa.gorska@example.com', 'Jabłonkowa', '2', '23-100', 'Warszawa', '+48', '788432109'),
(75, 'Marek', 'Dudek', 'marek.dudek@example.com', 'Pięciomorgowa', '3B', '40-200', 'Rzeszów', '+49', '1678765432'),
(76, 'Anna', 'Bąk', 'anna.bak@example.com', 'Poniatowskiego', '5A', '25-300', 'Zabrze', '+48', '799567890'),
(77, 'Janusz', 'Chmiel', 'janusz.chmiel@example.com', 'Stawowa', '7', '60-400', 'Katowice', '+49', '1765432109'),
(78, 'Michał', 'Nowak', 'michal.nowak@example.com', 'Lubelska', '14', '80-200', 'Szczecin', '+48', '710987654'),
(79, 'Agnieszka', 'Kozłowska', 'agnieszka.kozlowska@example.com', 'Jasnogórska', '10A', '22-500', 'Białystok', '+49', '1712340987'),
(80, 'Tomasz', 'Górski', 'tomasz.gorski@example.com', 'Południowa', '2C', '35-200', 'Lublin', '+48', '721234567'),
(81, 'Rafał', 'Krzemiński', 'rafal.krzeminski@example.com', 'Stawowa', '12', '50-001', 'Wrocław', '+49', '1623456789'),
(82, 'Marek', 'Zieliński', 'marek.zielinski@example.com', 'Biskupa Jordana', '3', '60-300', 'Szczecin', '+48', '731234567'),
(83, 'Iwona', 'Jabłońska', 'iwona.jablonska@example.com', 'Wielkopolska', '6', '55-100', 'Kielce', '+49', '1712345678'),
(84, 'Katarzyna', 'Sienkiewicz', 'katarzyna.sienkiewicz@example.com', 'Gorzysława', '2A', '80-600', 'Wrocław', '+48', '742345678'),
(85, 'Sebastian', 'Kozłowski', 'sebastian.kozlowski@example.com', 'Jagodowa', '1', '77-500', 'Opole', '+49', '1598765432'),
(86, 'Piotr', 'Borkowski', 'piotr.borkowski@example.com', 'Cisowa', '10', '80-700', 'Toruń', '+48', '753456789'),
(87, 'Alicja', 'Lis', 'alicja.lis@example.com', 'Podgórna', '3', '10-500', 'Gdańsk', '+49', '1689012345'),
(88, 'Ewa', 'Borkowska', 'ewa.borkowska@example.com', 'Pięciomorgowa', '7A', '25-600', 'Bydgoszcz', '+48', '764567890'),
(89, 'Kamil', 'Wiśniewski', 'kamil.wisniewski@example.com', 'Słowiańska', '11', '70-100', 'Białystok', '+49', '1798765432'),
(90, 'Jerzy', 'Stolarz', 'jerzy.stolarz@example.com', 'Dolna', '1B', '40-100', 'Tarnów', '+48', '765432109'),
(91, 'Agnieszka', 'Walentowicz', 'agnieszka.walentowicz@example.com', 'Wylotowa', '5A', '90-300', 'Sopot', '+49', '1756789098'),
(92, 'Leszek', 'Lewandowski', 'leszek.lewandowski@example.com', 'Wiatraczna', '6B', '22-600', 'Gdańsk', '+48', '776543210'),
(93, 'Rafał', 'Ślusarczyk', 'rafal.slusarczyk@example.com', 'Długa', '2', '65-400', 'Rzeszów', '+49', '1865432109'),
(94, 'Tomasz', 'Ślusarz', 'tomasz.slusarz@example.com', 'Jagiellońska', '8B', '30-100', 'Wrocław', '+48', '787654321'),
(95, 'Grzegorz', 'Zaręba', 'grzegorz.zaremba@example.com', 'Mściwoja', '12A', '40-500', 'Zabrze', '+49', '1754321098'),
(96, 'Dominika', 'Nowak', 'dominika.nowak@example.com', 'Kochanowskiego', '4', '10-200', 'Szczecin', '+48', '734567890'),
(97, 'Monika', 'Wójcik', 'monika.wojcik@example.com', 'Mściwoja', '8', '60-100', 'Kraków', '+49', '1645678901'),
(98, 'Jakub', 'Grzyb', 'jakub.grzyb@example.com', 'Wrocławska', '2', '35-300', 'Kielce', '+48', '743678912'),
(99, 'Marek', 'Pawlak', 'marek.pawlak@example.com', 'Żernickie', '1', '24-300', 'Gorzów Wielkopolski', '+49', '1734567890'),
(100, 'Kamila', 'Sierżant', 'kamila.sierzant@example.com', 'Kwiatowa', '5B', '21-100', 'Siedlce', '+48', '752345678'),
(101, 'Alicja', 'Pawlowska', 'alicja.pawlowska@example.com', 'Podgórna', '2', '80-100', 'Gdańsk', '+41', '799012345'),
(102, 'Piotr', 'Klimczak', 'piotr.klimczak@example.com', 'Biskupa Jordana', '4', '60-200', 'Poznań', '+48', '601234567'),
(103, 'Lena', 'Kowalska', 'lena.kowalska@example.com', 'Sikorskiego', '5A', '40-100', 'Kraków', '+41', '792345678'),
(104, 'Kamil', 'Mazur', 'kamil.mazur@example.com', 'Wojska Polskiego', '7', '70-300', 'Wrocław', '+48', '710123456'),
(105, 'Beata', 'Nowak', 'beata.nowak@example.com', 'Łaskotna', '1B', '50-100', 'Szczecin', '+41', '792345678'),
(106, 'Grzegorz', 'Kwiatkowski', 'grzegorz.kwiatkowski@example.com', 'Zakopiańska', '2C', '25-200', 'Gorzów Wielkopolski', '+48', '715234567'),
(108, 'Maciej', 'Brzeziński', 'maciej.brzezinski@example.com', 'Rynkowska', '4A', '50-200', 'Łódź', '+48', '722345678'),
(109, 'Patryk', 'Sikora', 'patryk.sikora@example.com', 'Reja', '1', '90-400', 'Rzeszów', '+41', '799876543'),
(110, 'Irena', 'Wójcik', 'irena.wojcik@example.com', 'Bławatna', '12', '60-300', 'Białystok', '+48', '732345678'),
(111, 'Maciej', 'Górka', 'maciej.gorka@example.com', 'Mściwoja', '5B', '10-100', 'Warszawa', '+41', '767654321'),
(112, 'Wiktoria', 'Piotrowska', 'wiktoria.piotrowska@example.com', 'Jabłoniowa', '7', '35-300', 'Zielona Góra', '+48', '743210987'),
(114, 'Łukasz', 'Rudziński', 'lukasz.rudzinski@example.com', 'Przyjaźni', '6A', '25-500', 'Toruń', '+48', '710567890'),
(119, 'Krzysztof', 'Malinowski', 'krzysztof.malinowski@example.com', 'Płocka', '3', '35-100', 'Bydgoszcz', '+41', '784321987'),
(121, 'Artur', 'Wilk', 'artur.wilk@example.com', 'Pięciomorgowa', '7', '35-200', 'Tarnów', '+41', '790234567'),
(122, 'Sebastian', 'Krawczyk', 'sebastian.krawczyk@example.com', 'Nowa', '6', '25-300', 'Szczecin', '+48', '748765432'),
(123, 'Barbara', 'Pawlak', 'barbara.pawlak@example.com', 'Biskupa Jordana', '4A', '70-300', 'Zabrze', '+41', '752567890'),
(124, 'Wojciech', 'Zieliński', 'wojciech.zielinski@example.com', 'Pięciomorgowa', '3', '60-400', 'Kielce', '+48', '738901234'),
(125, 'Monika', 'Wilkowska', 'monika.wilkowska@example.com', 'Wiosny Ludów', '1C', '30-500', 'Rzeszów', '+41', '743210987'),
(126, 'Krystyna', 'Mazurek', 'krystyna.mazurek@example.com', 'Mściwoja', '2A', '75-100', 'Katowice', '+48', '725876543'),
(127, 'Jerzy', 'Bąk', 'jerzy.bak@example.com', 'Rynek', '5B', '60-500', 'Wrocław', '+41', '751234567'),
(128, 'Eliza', 'Kaczmarek', 'eliza.kaczmarek@example.com', 'Kwiatowa', '9', '30-100', 'Warszawa', '+48', '736543210'),
(129, 'Szymon', 'Bielawski', 'szymon.bielawski@example.com', 'Słowiańska', '12A', '35-100', 'Toruń', '+41', '792345678'),
(130, 'Wojciech', 'Sosnowski', 'wojciech.sosnowski@example.com', 'Kochanowskiego', '2B', '50-200', 'Tarnów', '+48', '741234567'),
(131, 'Katarzyna', 'Chmiel', 'katarzyna.chmiel@example.com', 'Dolna', '8B', '45-100', 'Rzeszów', '+41', '752987654'),
(132, 'Bartosz', 'Żuraw', 'bartosz.zuraw@example.com', 'Wiosny Ludów', '4C', '80-300', 'Poznań', '+48', '755321098'),
(133, 'Elżbieta', 'Stolarz', 'elzbieta.stolarz@example.com', 'Pięciomorgowa', '5A', '25-300', 'Lublin', '+41', '761234567'),
(134, 'Tomasz', 'Szydłowski', 'tomasz.szydlowski@example.com', 'Zakopiańska', '7', '80-500', 'Kielce', '+48', '717654321'),
(135, 'Monika', 'Mularczyk', 'monika.mularczyk@example.com', 'Dolna', '3', '50-500', 'Bydgoszcz', '+41', '785432109'),
(136, 'Andrzej', 'Borkowski', 'andrzej.borkowski@example.com', 'Górska', '1', '75-100', 'Szczecin', '+48', '722345678'),
(137, 'Marek', 'Rybak', 'marek.rybak@example.com', 'Chłodna', '2B', '70-500', 'Gdańsk', '+41', '792345678'),
(138, 'Tomasz', 'Pietrzyk', 'tomasz.pietrzyk@example.com', 'Warszawska', '3', '20-100', 'Opole', '+48', '734567890'),
(139, 'Klaudia', 'Kaczmarek', 'klaudia.kaczmarek@example.com', 'Obozowa', '2A', '50-100', 'Poznań', '+41', '751234567'),
(140, 'Michał', 'Krajewski', 'michal.krajewski@example.com', 'Biskupa Jordana', '5C', '30-100', 'Białystok', '+48', '734567891'),
(141, 'Marcin', 'Wilk', 'marcin.wilk@example.com', 'Jagodowa', '1A', '70-100', 'Gdańsk', '+48', '791234567'),
(142, 'Katarzyna', 'Róg', 'katarzyna.rog@example.com', 'Krakowska', '3', '80-200', 'Wrocław', '+48', '728345678'),
(143, 'Tomasz', 'Kaczmarek', 'tomasz.kaczmarek@example.com', 'Płocka', '5B', '35-500', 'Kielce', '+48', '711234567'),
(144, 'Ewa', 'Szymańska', 'ewa.szymanska@example.com', 'Lwowska', '4A', '25-300', 'Szczecin', '+48', '722345678'),
(145, 'Paweł', 'Mazur', 'pawel.mazur@example.com', 'Pięciomorgowa', '8', '60-100', 'Białystok', '+48', '733210987'),
(146, 'Magdalena', 'Nowak', 'magdalena.nowak@example.com', 'Pięciomorgowa', '3B', '70-500', 'Warszawa', '+48', '744567890'),
(150, 'Justyna', 'Pawlak', 'justyna.pawlak@example.com', 'Czarnieckiego', '5', '80-500', 'Kraków', '+48', '783210987'),
(152, 'Alicja', 'Chmiel', 'alicja.chmiel@example.com', 'Płocka', '7', '60-300', 'Gdańsk', '+48', '721234567'),
(153, 'Piotr', 'Zieliński', 'piotr.zielinski@example.com', 'Długosza', '2', '80-100', 'Poznań', '+48', '732567890'),
(154, 'Anna', 'Mazurek', 'anna.mazurek@example.com', 'Kwiatowa', '4B', '30-400', 'Toruń', '+48', '760987654'),
(155, 'Maciej', 'Kowalczyk', 'maciej.kowalczyk@example.com', 'Wróblewskiego', '3', '70-500', 'Szczecin', '+48', '713210987'),
(156, 'Krystyna', 'Górska', 'krystyna.gorska@example.com', 'Gdańska', '1', '50-100', 'Gorzów Wielkopolski', '+48', '725432109'),
(157, 'Wojciech', 'Białek', 'wojciech.bialek@example.com', 'Reja', '3A', '35-400', 'Bydgoszcz', '+48', '745987654'),
(158, 'Tomasz', 'Szymczak', 'tomasz.szymczak@example.com', 'Bławatna', '7A', '60-200', 'Rzeszów', '+48', '768432109'),
(159, 'Rafał', 'Czajka', 'rafal.czajka@example.com', 'Zielona', '2B', '50-400', 'Tarnów', '+48', '759876543'),
(160, 'Monika', 'Sikorska', 'monika.sikorska@example.com', 'Pięciomorgowa', '4', '30-500', 'Katowice', '+48', '763210987'),
(161, 'Jolanta', 'Piotrowska', 'jolanta.piotrowska@example.com', 'Płocka', '8', '70-300', 'Kielce', '+48', '752345678'),
(162, 'Bartosz', 'Mazur', 'bartosz.mazur@example.com', 'Pięciomorgowa', '5C', '40-500', 'Łódź', '+48', '734567890'),
(163, 'Katarzyna', 'Sikorska', 'katarzyna.sikorska@example.com', 'Biskupa Jordana', '6A', '35-100', 'Szczecin', '+48', '740987654'),
(164, 'Adam', 'Tomaszewski', 'adam.tomaszewski@example.com', 'Przyjaźni', '1', '45-100', 'Kraków', '+48', '711234567'),
(165, 'Barbara', 'Czech', 'barbara.czech@example.com', 'Kazimierza', '3', '70-200', 'Wrocław', '+48', '723210987'),
(166, 'Radosław', 'Laskowski', 'radoslaw.laskowski@example.com', 'Słowiańska', '5A', '60-100', 'Białystok', '+48', '738210987'),
(167, 'Piotr', 'Milewski', 'piotr.milewski@example.com', 'Zakopiańska', '8B', '55-300', 'Opole', '+48', '760432109'),
(168, 'Iwona', 'Jasińska', 'iwona.jasinska@example.com', 'Północna', '3', '35-400', 'Lublin', '+48', '733987654'),
(169, 'Jakub', 'Domański', 'jakub.domanski@example.com', 'Górna', '6A', '45-200', 'Poznań', '+48', '717654321'),
(170, 'Mariusz', 'Kucharski', 'mariusz.kucharski@example.com', 'Kwiatowa', '7B', '50-100', 'Szczecin', '+48', '758987654'),
(171, 'Marek', 'Nowicki', 'marek.nowicki@example.com', 'Aleja Solidarności', '2', '30-400', 'Warszawa', '+48', '724567890'),
(172, 'Monika', 'Kwiatkowska', 'monika.kwiatkowska@example.com', 'Opolska', '4', '60-100', 'Wrocław', '+48', '736543210'),
(173, 'Kamil', 'Jankowski', 'kamil.jankowski@example.com', 'Pięciomorgowa', '9A', '70-300', 'Gdańsk', '+48', '710123456'),
(174, 'Piotr', 'Borkowski', 'piotr.borkowski@example.com', 'Kościuszki', '3B', '50-200', 'Szczecin', '+48', '744321098'),
(175, 'Agnieszka', 'Stefańska', 'agnieszka.stefanska@example.com', 'Czarnieckiego', '2', '40-100', 'Lublin', '+48', '717234567'),
(176, 'Jerzy', 'Król', 'jerzy.krol@example.com', 'Płocka', '4', '35-200', 'Kielce', '+48', '748901234'),
(177, 'Maciej', 'Zawisza', 'maciej.zawisza@example.com', 'Aleje', '7A', '45-300', 'Tarnów', '+48', '763210987'),
(178, 'Kamil', 'Woźniak', 'kamil.wozniak@example.com', 'Bławatna', '2', '25-100', 'Warszawa', '+48', '741234567'),
(179, 'Grzegorz', 'Bąk', 'grzegorz.bak@example.com', 'Rynek', '3C', '35-300', 'Opole', '+48', '753456789'),
(180, 'Agnieszka', 'Wójcik', 'agnieszka.wojcik@example.com', 'Zielona', '9A', '50-100', 'Kraków', '+48', '767876543'),
(181, 'Aleksandra', 'Kołodziej', 'aleksandra.kolodziej@example.com', 'Pięciomorgowa', '2A', '30-100', 'Warszawa', '+48', '789012345'),
(209, 'Agnieszka', 'Białecka', 'agnieszka.bialecka@example.com', 'Biskupa Jordana', '7C', '70-400', 'Poznań', '+48', '765432109'),
(210, 'Marek', 'Skrzypczak', 'marek.skrzypczak123@example.com', 'Zakopiańska', '4A', '60-100', 'Toruń', '+48', '230232023'),
(213, 'Tomasz', 'Kościuk', 'tomasz.kosciuk@example.com', 'Czarnieckiego', '3A', '35-400', 'Kraków', '+48', '748210987'),
(214, 'Zofia', 'Kwiatkowska', 'zofia.kwiatkowska@example.com', 'Górna', '5', '45-200', 'Opole', '+48', '752345678'),
(222, 'Marta', 'Kozłowska', 'marta.kozlowska@example.com', 'Wielkopolska', '8A', '45-400', 'Słupsk', '+48', '753210987'),
(224, 'Monika', 'Sikora', 'monika.sikora@example.com', 'Słowiańska', '9A', '80-200', 'Zielona Góra', '+48', '745987654'),
(225, 'Anita', 'Lewandowska', 'anita.lewandowska@example.com', 'Gorzów Wielkopolski', '3C', '70-500', 'Warszawa', '+48', '736210987');

-- --------------------------------------------------------

--
-- Struktura tabeli dla tabeli `orders`
--

CREATE TABLE `orders` (
  `id` bigint(20) NOT NULL,
  `id_klienta` bigint(20) NOT NULL,
  `status` varchar(255) NOT NULL,
  `data_zlozenia` datetime NOT NULL,
  `kwota_calkowita` double(10,2) NOT NULL,
  `dostawa` varchar(255) NOT NULL,
  `platnosc` varchar(255) NOT NULL,
  `oplacone` tinyint(1) NOT NULL
) ENGINE=InnoDB DEFAULT CHARSET=utf8mb4 COLLATE=utf8mb4_general_ci;

--
-- Dumping data for table `orders`
--

INSERT INTO `orders` (`id`, `id_klienta`, `status`, `data_zlozenia`, `kwota_calkowita`, `dostawa`, `platnosc`, `oplacone`) VALUES
(45, 129, 'Dostarczone', '2024-12-08 15:01:12', 2299.00, 'Kurier DPD', 'BLIK', 0),
(46, 128, 'Dostarczone', '2024-12-09 00:23:56', 1799.00, 'Kurier INPOST', 'Przelew', 1),
(49, 57, 'Wysłane', '2024-12-12 18:12:45', 2499.00, 'Odbiór osobisty', 'BLIK', 0),
(53, 99, 'Wysłane', '2024-12-16 05:04:43', 2199.00, 'Odbiór osobisty', 'Karta kredytowa', 1),
(58, 82, 'Dostarczone', '2024-12-21 13:41:44', 3498.00, 'Kurier INPOST', 'Karta kredytowa', 0),
(64, 126, 'Realizowane', '2024-12-27 17:02:56', 1698.00, 'Odbiór osobisty', 'Karta kredytowa', 0),
(66, 144, 'Dostarczone', '2024-12-29 14:54:41', 1499.00, 'Kurier INPOST', 'Przelew', 1),
(68, 30, 'Realizowane', '2024-12-31 15:48:07', 399.00, 'Odbiór osobisty', 'Przelew', 1),
(69, 142, 'Wysłane', '2024-12-01 05:41:47', 2999.00, 'Kurier DPD', 'BLIK', 0),
(70, 167, 'Dostarczone', '2024-12-02 21:01:28', 2299.00, 'Kurier INPOST', 'Karta kredytowa', 1),
(78, 121, 'Realizowane', '2024-12-22 19:19:10', 999.00, 'Kurier INPOST', 'Przelew', 0),
(79, 123, 'Wysłane', '2024-12-23 21:56:03', 2299.00, 'Odbiór osobisty', 'BLIK', 1),
(80, 27, 'Dostarczone', '2024-12-24 10:57:30', 2998.00, 'Kurier DPD', 'Przelew', 0),
(82, 92, 'Realizowane', '2024-12-26 21:42:50', 1499.00, 'Kurier DPD', 'BLIK', 0),
(86, 180, 'Realizowane', '2024-12-30 13:29:44', 3598.00, 'Kurier INPOST', 'Przelew', 1),
(87, 165, 'Wysłane', '2024-12-31 05:58:07', 399.00, 'Odbiór osobisty', 'Karta kredytowa', 0),
(88, 60, 'Dostarczone', '2024-12-01 17:17:15', 3899.00, 'Kurier DPD', 'Przelew', 1),
(89, 29, 'Nowe', '2024-12-02 10:20:26', 7499.00, 'Kurier INPOST', 'Przelew', 1),
(95, 168, 'Wysłane', '2024-12-08 15:01:12', 2699.00, 'Kurier DPD', 'BLIK', 0),
(96, 39, 'Dostarczone', '2024-12-09 00:23:56', 2199.00, 'Kurier INPOST', 'Przelew', 1),
(98, 138, 'Realizowane', '2024-12-11 11:08:18', 3948.00, 'Odbiór osobisty', 'Przelew', 0),
(103, 209, 'Wysłane', '2024-12-16 19:35:56', 2499.00, 'Kurier DPD', 'BLIK', 0),
(106, 78, 'Realizowane', '2024-12-19 23:12:15', 1799.00, 'Odbiór osobisty', 'Przelew', 0),
(163, 155, 'Nowe', '2025-01-13 19:40:29', 2199.00, 'Kurier DPD', 'Przelew', 0),
(164, 23, 'Nowe', '2024-12-17 13:19:00', 200.00, 'Kurier INPOST', 'Przelew', 1),
(579, 65, 'Realizowane', '2024-11-25 22:03:11', 4203.38, 'Kurier INPOST', 'Karta kredytowa', 0),
(580, 67, 'Realizowane', '2024-11-24 22:03:11', 1919.70, 'Odbiór osobisty', 'BLIK', 1),
(581, 70, 'Dostarczone', '2024-12-10 22:03:11', 1962.20, 'Odbiór osobisty', 'BLIK', 1),
(582, 65, 'Dostarczone', '2024-12-09 22:03:11', 1259.08, 'Odbiór osobisty', 'Przelew', 0),
(583, 52, 'Nowe', '2024-11-30 22:03:11', 4142.51, 'Kurier DPD', 'Karta kredytowa', 0),
(584, 58, 'Dostarczone', '2024-12-02 22:03:11', 3101.60, 'Kurier DPD', 'Przelew', 1),
(585, 57, 'Dostarczone', '2024-12-09 22:03:11', 3086.12, 'Kurier DPD', 'Karta kredytowa', 1),
(586, 50, 'Dostarczone', '2024-11-22 22:03:11', 2986.70, 'Kurier INPOST', 'Przelew', 0),
(587, 66, 'Nowe', '2024-12-01 22:03:11', 1297.18, 'Kurier DPD', 'Przelew', 1),
(588, 52, 'Nowe', '2024-12-09 22:03:11', 3659.16, 'Kurier DPD', 'BLIK', 1),
(589, 50, 'Wysłane', '2024-12-13 22:03:11', 2646.25, 'Odbiór osobisty', 'BLIK', 0),
(590, 59, 'Dostarczone', '2024-12-17 22:03:11', 4105.40, 'Kurier INPOST', 'Przelew', 0),
(591, 57, 'Dostarczone', '2024-11-29 22:03:11', 3425.85, 'Odbiór osobisty', 'BLIK', 0),
(592, 60, 'Dostarczone', '2024-11-23 22:03:11', 2424.65, 'Kurier DPD', 'Przelew', 0),
(593, 65, 'Wysłane', '2024-12-12 22:03:11', 2214.54, 'Odbiór osobisty', 'Przelew', 0),
(594, 50, 'Wysłane', '2024-12-02 22:03:11', 4406.16, 'Odbiór osobisty', 'Przelew', 1),
(595, 65, 'Realizowane', '2024-11-22 22:03:11', 1267.93, 'Kurier INPOST', 'Karta kredytowa', 0),
(596, 51, 'Realizowane', '2024-11-29 22:03:11', 3886.12, 'Kurier INPOST', 'Przelew', 0),
(597, 52, 'Wysłane', '2024-12-06 22:03:11', 2009.32, 'Odbiór osobisty', 'BLIK', 0),
(598, 65, 'Realizowane', '2024-12-16 22:03:11', 1362.10, 'Odbiór osobisty', 'Przelew', 0),
(599, 54, 'Realizowane', '2024-12-09 22:03:11', 2446.12, 'Kurier DPD', 'Przelew', 0),
(600, 53, 'Nowe', '2024-12-06 22:03:11', 4903.32, 'Kurier INPOST', 'BLIK', 0),
(601, 69, 'Dostarczone', '2024-12-05 22:03:11', 2867.43, 'Kurier DPD', 'BLIK', 0),
(602, 67, 'Nowe', '2024-12-16 22:03:11', 1898.03, 'Odbiór osobisty', 'BLIK', 1),
(603, 70, 'Dostarczone', '2024-11-26 22:03:11', 1536.70, 'Odbiór osobisty', 'Przelew', 0),
(604, 61, 'Dostarczone', '2024-11-22 22:03:11', 4089.97, 'Kurier DPD', 'Karta kredytowa', 0),
(605, 54, 'Wysłane', '2024-11-27 22:03:11', 4568.00, 'Kurier DPD', 'BLIK', 1),
(606, 65, 'Realizowane', '2024-11-25 22:03:11', 4203.38, 'Kurier INPOST', 'Karta kredytowa', 0),
(607, 67, 'Realizowane', '2024-11-24 22:03:11', 1919.70, 'Odbiór osobisty', 'BLIK', 1),
(608, 70, 'Dostarczone', '2024-12-10 22:03:11', 1962.20, 'Odbiór osobisty', 'BLIK', 1),
(609, 65, 'Dostarczone', '2024-12-09 22:03:11', 1259.08, 'Odbiór osobisty', 'Przelew', 0),
(610, 52, 'Nowe', '2024-11-30 22:03:11', 4142.51, 'Kurier DPD', 'Karta kredytowa', 0),
(611, 58, 'Dostarczone', '2024-12-02 22:03:11', 3101.60, 'Kurier DPD', 'Przelew', 1),
(612, 57, 'Dostarczone', '2024-12-09 22:03:11', 3086.12, 'Kurier DPD', 'Karta kredytowa', 1),
(613, 50, 'Dostarczone', '2024-11-22 22:03:11', 2986.70, 'Kurier INPOST', 'Przelew', 0),
(614, 66, 'Nowe', '2024-12-01 22:03:11', 1297.18, 'Kurier DPD', 'Przelew', 1),
(615, 52, 'Nowe', '2024-12-09 22:03:11', 3659.16, 'Kurier DPD', 'BLIK', 1),
(616, 50, 'Wysłane', '2024-12-13 22:03:11', 2646.25, 'Odbiór osobisty', 'BLIK', 0),
(617, 59, 'Dostarczone', '2024-12-17 22:03:11', 4105.40, 'Kurier INPOST', 'Przelew', 0),
(618, 57, 'Dostarczone', '2024-11-29 22:03:11', 3425.85, 'Odbiór osobisty', 'BLIK', 0),
(619, 60, 'Dostarczone', '2024-11-23 22:03:11', 2424.65, 'Kurier DPD', 'Przelew', 0),
(620, 65, 'Wysłane', '2024-12-12 22:03:11', 2214.54, 'Odbiór osobisty', 'Przelew', 0),
(621, 50, 'Wysłane', '2024-12-02 22:03:11', 4406.16, 'Odbiór osobisty', 'Przelew', 1),
(622, 65, 'Realizowane', '2024-11-22 22:03:11', 1267.93, 'Kurier INPOST', 'Karta kredytowa', 0),
(623, 51, 'Realizowane', '2024-11-29 22:03:11', 3886.12, 'Kurier INPOST', 'Przelew', 0),
(624, 52, 'Wysłane', '2024-12-06 22:03:11', 2009.32, 'Odbiór osobisty', 'BLIK', 0),
(625, 65, 'Realizowane', '2024-12-16 22:03:11', 1362.10, 'Odbiór osobisty', 'Przelew', 0),
(626, 54, 'Realizowane', '2024-12-09 22:03:11', 2446.12, 'Kurier DPD', 'Przelew', 0),
(627, 53, 'Nowe', '2024-12-06 22:03:11', 4903.32, 'Kurier INPOST', 'BLIK', 0),
(628, 69, 'Dostarczone', '2024-12-05 22:03:11', 2867.43, 'Kurier DPD', 'BLIK', 0),
(629, 67, 'Nowe', '2024-12-16 22:03:11', 1898.03, 'Odbiór osobisty', 'BLIK', 1),
(630, 70, 'Dostarczone', '2024-11-26 22:03:11', 1536.70, 'Odbiór osobisty', 'Przelew', 0),
(631, 61, 'Dostarczone', '2024-11-22 22:03:11', 4089.97, 'Kurier DPD', 'Karta kredytowa', 0),
(632, 54, 'Wysłane', '2024-11-27 22:03:11', 4568.00, 'Kurier DPD', 'BLIK', 1),
(633, 50, 'Nowe', '2024-12-08 14:20:45', 1999.99, 'Kurier DPD', 'BLIK', 0),
(634, 51, 'Realizowane', '2024-12-08 15:30:50', 2499.49, 'Kurier INPOST', 'Przelew', 1),
(635, 52, 'Wysłane', '2024-12-09 11:10:22', 3999.99, 'Odbiór osobisty', 'Karta kredytowa', 1),
(636, 54, 'Dostarczone', '2024-12-09 16:45:30', 1199.89, 'Kurier DPD', 'BLIK', 1),
(637, 55, 'Nowe', '2024-12-10 09:01:15', 1599.99, 'Kurier INPOST', 'Przelew', 0),
(638, 56, 'Realizowane', '2024-12-10 10:40:05', 3399.59, 'Odbiór osobisty', 'Karta kredytowa', 1),
(639, 57, 'Wysłane', '2024-12-11 12:00:00', 2500.00, 'Kurier DPD', 'BLIK', 0),
(640, 58, 'Dostarczone', '2024-12-11 13:30:30', 2000.99, 'Kurier INPOST', 'Przelew', 1),
(641, 59, 'Nowe', '2024-12-12 14:05:45', 800.00, 'Odbiór osobisty', 'Karta kredytowa', 0),
(642, 60, 'Realizowane', '2024-12-12 15:15:22', 1500.59, 'Kurier DPD', 'BLIK', 1),
(643, 64, 'Wysłane', '2024-12-13 16:40:11', 500.00, 'Kurier INPOST', 'Przelew', 0),
(644, 65, 'Dostarczone', '2024-12-13 17:45:55', 2999.00, 'Odbiór osobisty', 'Karta kredytowa', 1),
(645, 66, 'Nowe', '2024-12-14 10:20:05', 2499.00, 'Kurier DPD', 'BLIK', 0),
(646, 67, 'Realizowane', '2024-12-14 11:30:45', 1999.99, 'Kurier INPOST', 'Przelew', 1),
(647, 68, 'Wysłane', '2024-12-15 12:45:33', 3000.00, 'Odbiór osobisty', 'Karta kredytowa', 1),
(648, 69, 'Dostarczone', '2024-12-15 13:10:20', 1200.00, 'Kurier DPD', 'BLIK', 0),
(649, 70, 'Nowe', '2024-12-16 14:25:12', 2200.99, 'Kurier INPOST', 'Przelew', 1),
(650, 71, 'Realizowane', '2024-12-16 15:35:01', 1400.00, 'Odbiór osobisty', 'Karta kredytowa', 0),
(651, 72, 'Wysłane', '2024-12-17 09:15:23', 1800.49, 'Kurier DPD', 'BLIK', 1),
(652, 73, 'Dostarczone', '2024-12-17 10:25:55', 2200.00, 'Kurier INPOST', 'Przelew', 0),
(653, 74, 'Nowe', '2024-12-18 12:30:45', 2700.50, 'Odbiór osobisty', 'Karta kredytowa', 1),
(654, 75, 'Realizowane', '2024-12-18 13:40:22', 3600.00, 'Kurier DPD', 'BLIK', 0),
(655, 76, 'Wysłane', '2024-12-19 14:20:00', 2100.00, 'Kurier INPOST', 'Przelew', 1),
(656, 77, 'Dostarczone', '2024-12-19 15:30:10', 1500.00, 'Odbiór osobisty', 'Karta kredytowa', 1),
(657, 78, 'Nowe', '2024-12-20 10:05:55', 850.99, 'Kurier DPD', 'BLIK', 0),
(658, 79, 'Realizowane', '2024-12-20 11:15:32', 2999.99, 'Kurier INPOST', 'Przelew', 1),
(659, 80, 'Wysłane', '2024-12-21 12:30:05', 1200.99, 'Odbiór osobisty', 'Karta kredytowa', 0),
(660, 81, 'Dostarczone', '2024-12-21 13:40:55', 4000.00, 'Kurier DPD', 'BLIK', 1),
(661, 82, 'Nowe', '2024-12-22 14:15:00', 2500.00, 'Kurier INPOST', 'Przelew', 0),
(662, 83, 'Realizowane', '2024-12-22 15:30:45', 2200.99, 'Odbiór osobisty', 'Karta kredytowa', 1),
(663, 84, 'Wysłane', '2024-12-23 16:45:32', 1000.00, 'Kurier DPD', 'BLIK', 0),
(664, 85, 'Dostarczone', '2024-12-23 17:55:20', 4500.00, 'Kurier INPOST', 'Przelew', 1),
(665, 86, 'Nowe', '2024-12-24 10:30:10', 1800.00, 'Odbiór osobisty', 'Karta kredytowa', 0),
(666, 87, 'Realizowane', '2024-12-24 11:40:55', 2000.99, 'Kurier DPD', 'BLIK', 1),
(667, 50, 'Nowe', '2024-12-08 14:01:30', 2200.00, 'Kurier INPOST', 'BLIK', 0),
(668, 51, 'Wysłane', '2024-12-09 15:10:45', 3500.50, 'Kurier DPD', 'Karta kredytowa', 1),
(669, 52, 'Realizowane', '2024-12-09 16:20:00', 1000.99, 'Odbiór osobisty', 'Przelew', 0),
(670, 54, 'Dostarczone', '2024-12-10 13:45:05', 1999.00, 'Kurier INPOST', 'BLIK', 1),
(671, 55, 'Nowe', '2024-12-10 14:30:11', 850.00, 'Kurier DPD', 'Karta kredytowa', 0),
(672, 56, 'Wysłane', '2024-12-11 12:00:00', 3999.99, 'Odbiór osobisty', 'Przelew', 1),
(673, 57, 'Realizowane', '2024-12-11 14:15:30', 2700.00, 'Kurier INPOST', 'BLIK', 0),
(674, 58, 'Dostarczone', '2024-12-12 10:05:40', 1600.00, 'Kurier DPD', 'Karta kredytowa', 1),
(675, 59, 'Nowe', '2024-12-12 11:40:25', 2300.99, 'Odbiór osobisty', 'Przelew', 0),
(676, 60, 'Wysłane', '2024-12-13 12:10:10', 2800.50, 'Kurier INPOST', 'BLIK', 1),
(677, 64, 'Realizowane', '2024-12-13 13:25:30', 1500.00, 'Kurier DPD', 'Karta kredytowa', 0),
(678, 65, 'Dostarczone', '2024-12-14 14:45:55', 1000.00, 'Odbiór osobisty', 'Przelew', 1),
(679, 66, 'Nowe', '2024-12-14 15:05:50', 2000.99, 'Kurier INPOST', 'BLIK', 0),
(680, 67, 'Wysłane', '2024-12-15 13:15:25', 3200.00, 'Kurier DPD', 'Karta kredytowa', 1),
(681, 68, 'Realizowane', '2024-12-15 14:20:00', 2500.00, 'Odbiór osobisty', 'Przelew', 0),
(682, 69, 'Dostarczone', '2024-12-16 10:35:10', 3300.50, 'Kurier INPOST', 'BLIK', 1),
(683, 70, 'Nowe', '2024-12-16 12:05:35', 2900.00, 'Kurier DPD', 'Karta kredytowa', 0),
(684, 71, 'Wysłane', '2024-12-17 11:45:20', 1800.00, 'Odbiór osobisty', 'Przelew', 1),
(685, 72, 'Realizowane', '2024-12-17 13:10:30', 2600.99, 'Kurier INPOST', 'BLIK', 0),
(686, 73, 'Dostarczone', '2024-12-18 12:30:10', 2200.00, 'Kurier DPD', 'Karta kredytowa', 1),
(687, 74, 'Nowe', '2024-12-18 13:25:00', 3300.99, 'Odbiór osobisty', 'Przelew', 0),
(688, 75, 'Wysłane', '2024-12-19 11:55:10', 1500.50, 'Kurier INPOST', 'BLIK', 1),
(689, 76, 'Realizowane', '2024-12-19 12:35:55', 2400.00, 'Kurier DPD', 'Karta kredytowa', 0),
(690, 77, 'Dostarczone', '2024-12-20 10:50:25', 2800.50, 'Odbiór osobisty', 'Przelew', 1),
(691, 78, 'Nowe', '2024-12-20 11:45:05', 2200.00, 'Kurier INPOST', 'BLIK', 0),
(692, 79, 'Wysłane', '2024-12-21 13:10:15', 3800.99, 'Kurier DPD', 'Karta kredytowa', 1),
(693, 80, 'Realizowane', '2024-12-21 14:30:20', 2600.00, 'Odbiór osobisty', 'Przelew', 0),
(694, 81, 'Dostarczone', '2024-12-22 12:40:50', 2000.00, 'Kurier INPOST', 'BLIK', 1),
(695, 82, 'Nowe', '2024-12-22 13:55:10', 1500.50, 'Kurier DPD', 'Karta kredytowa', 0),
(696, 83, 'Wysłane', '2024-12-23 12:10:40', 2500.99, 'Odbiór osobisty', 'Przelew', 1),
(697, 84, 'Realizowane', '2024-12-23 14:30:35', 3000.50, 'Kurier INPOST', 'BLIK', 0),
(698, 85, 'Dostarczone', '2024-12-24 10:15:30', 1200.00, 'Kurier DPD', 'Karta kredytowa', 1),
(699, 86, 'Nowe', '2024-12-24 11:05:45', 2200.99, 'Odbiór osobisty', 'Przelew', 0),
(700, 87, 'Wysłane', '2024-12-25 12:00:20', 3000.00, 'Kurier INPOST', 'BLIK', 1),
(701, 50, 'Nowe', '2024-12-08 14:15:32', 1600.99, 'Kurier DPD', 'Przelew', 0),
(702, 51, 'Wysłane', '2024-12-09 15:20:10', 3700.00, 'Odbiór osobisty', 'BLIK', 1),
(703, 52, 'Realizowane', '2024-12-09 16:05:12', 2300.50, 'Kurier INPOST', 'Karta kredytowa', 0),
(704, 54, 'Dostarczone', '2024-12-10 13:50:10', 2800.00, 'Kurier DPD', 'Przelew', 1),
(705, 55, 'Nowe', '2024-12-10 14:35:50', 1500.99, 'Odbiór osobisty', 'BLIK', 0),
(706, 56, 'Wysłane', '2024-12-11 11:00:00', 2200.00, 'Kurier INPOST', 'Karta kredytowa', 1),
(707, 57, 'Realizowane', '2024-12-11 13:45:45', 3500.00, 'Kurier DPD', 'Przelew', 0),
(708, 58, 'Dostarczone', '2024-12-12 10:25:32', 3000.99, 'Odbiór osobisty', 'BLIK', 1),
(709, 59, 'Nowe', '2024-12-12 11:35:20', 2300.00, 'Kurier INPOST', 'Karta kredytowa', 0),
(710, 60, 'Wysłane', '2024-12-13 14:05:22', 2700.50, 'Kurier DPD', 'Przelew', 1),
(711, 64, 'Realizowane', '2024-12-13 13:55:32', 2200.00, 'Odbiór osobisty', 'BLIK', 0),
(712, 65, 'Dostarczone', '2024-12-14 15:40:45', 3100.00, 'Kurier INPOST', 'Karta kredytowa', 1),
(713, 66, 'Nowe', '2024-12-14 16:10:50', 2500.00, 'Kurier DPD', 'Przelew', 0),
(714, 67, 'Wysłane', '2024-12-15 12:35:25', 1800.99, 'Odbiór osobisty', 'BLIK', 1),
(715, 68, 'Realizowane', '2024-12-15 13:10:15', 3300.00, 'Kurier INPOST', 'Karta kredytowa', 0),
(716, 69, 'Dostarczone', '2024-12-16 11:05:32', 2900.99, 'Kurier DPD', 'Przelew', 1),
(717, 70, 'Nowe', '2024-12-16 12:20:10', 2400.00, 'Odbiór osobisty', 'BLIK', 0),
(718, 71, 'Wysłane', '2024-12-17 13:45:15', 3200.00, 'Kurier INPOST', 'Karta kredytowa', 1),
(719, 72, 'Realizowane', '2024-12-17 14:30:40', 2100.99, 'Kurier DPD', 'Przelew', 0),
(720, 73, 'Dostarczone', '2024-12-18 12:50:50', 2800.00, 'Odbiór osobisty', 'BLIK', 1),
(721, 74, 'Nowe', '2024-12-18 13:10:20', 2300.00, 'Kurier INPOST', 'Karta kredytowa', 0),
(722, 75, 'Wysłane', '2024-12-19 11:30:00', 3000.99, 'Kurier DPD', 'Przelew', 1),
(723, 76, 'Realizowane', '2024-12-19 12:40:45', 2700.50, 'Odbiór osobisty', 'BLIK', 0),
(724, 77, 'Dostarczone', '2024-12-20 13:10:20', 2200.00, 'Kurier INPOST', 'Karta kredytowa', 1),
(725, 78, 'Nowe', '2024-12-20 14:20:05', 2400.00, 'Kurier DPD', 'Przelew', 0),
(726, 79, 'Wysłane', '2024-12-21 15:25:30', 3500.00, 'Odbiór osobisty', 'BLIK', 1),
(727, 80, 'Realizowane', '2024-12-21 16:10:00', 2000.00, 'Kurier INPOST', 'Karta kredytowa', 0),
(728, 81, 'Dostarczone', '2024-12-22 10:45:00', 1500.50, 'Kurier DPD', 'Przelew', 1),
(729, 82, 'Nowe', '2024-12-22 12:30:30', 3300.00, 'Odbiór osobisty', 'BLIK', 0),
(730, 83, 'Wysłane', '2024-12-23 13:25:05', 2600.50, 'Kurier INPOST', 'Karta kredytowa', 1),
(731, 84, 'Realizowane', '2024-12-23 14:35:10', 2800.99, 'Kurier DPD', 'Przelew', 0),
(732, 85, 'Dostarczone', '2024-12-24 11:15:00', 3500.00, 'Odbiór osobisty', 'BLIK', 1),
(733, 86, 'Nowe', '2024-12-24 12:00:50', 2200.00, 'Kurier INPOST', 'Karta kredytowa', 0),
(734, 87, 'Wysłane', '2024-12-25 13:10:15', 2400.50, 'Kurier DPD', 'Przelew', 1),
(735, 50, 'Nowe', '2024-12-08 14:15:32', 1600.99, 'Kurier DPD', 'Przelew', 0),
(736, 51, 'Wysłane', '2024-12-09 15:20:10', 3700.00, 'Odbiór osobisty', 'BLIK', 1),
(737, 52, 'Realizowane', '2024-12-09 16:05:12', 2300.50, 'Kurier INPOST', 'Karta kredytowa', 0),
(738, 54, 'Dostarczone', '2024-12-10 13:50:10', 2800.00, 'Kurier DPD', 'Przelew', 1),
(739, 55, 'Nowe', '2024-12-10 14:35:50', 1500.99, 'Odbiór osobisty', 'BLIK', 0),
(740, 56, 'Wysłane', '2024-12-11 11:00:00', 2200.00, 'Kurier INPOST', 'Karta kredytowa', 1),
(741, 57, 'Realizowane', '2024-12-11 13:45:45', 3500.00, 'Kurier DPD', 'Przelew', 0),
(742, 58, 'Dostarczone', '2024-12-12 10:25:32', 3000.99, 'Odbiór osobisty', 'BLIK', 1),
(743, 59, 'Nowe', '2024-12-12 11:35:20', 2300.00, 'Kurier INPOST', 'Karta kredytowa', 0),
(744, 60, 'Wysłane', '2024-12-13 14:05:22', 2700.50, 'Kurier DPD', 'Przelew', 1),
(745, 64, 'Realizowane', '2024-12-13 13:55:32', 2200.00, 'Odbiór osobisty', 'BLIK', 0),
(746, 65, 'Dostarczone', '2024-12-14 15:40:45', 3100.00, 'Kurier INPOST', 'Karta kredytowa', 1),
(747, 66, 'Nowe', '2024-12-14 16:10:50', 2500.00, 'Kurier DPD', 'Przelew', 0),
(748, 67, 'Wysłane', '2024-12-15 12:35:25', 1800.99, 'Odbiór osobisty', 'BLIK', 1),
(749, 68, 'Realizowane', '2024-12-15 13:10:15', 3300.00, 'Kurier INPOST', 'Karta kredytowa', 0),
(750, 69, 'Dostarczone', '2024-12-16 11:05:32', 2900.99, 'Kurier DPD', 'Przelew', 1),
(751, 70, 'Nowe', '2024-12-16 12:20:10', 2400.00, 'Odbiór osobisty', 'BLIK', 0),
(752, 71, 'Wysłane', '2024-12-17 13:45:15', 3200.00, 'Kurier INPOST', 'Karta kredytowa', 1),
(753, 72, 'Realizowane', '2024-12-17 14:30:40', 2100.99, 'Kurier DPD', 'Przelew', 0),
(754, 73, 'Dostarczone', '2024-12-18 12:50:50', 2800.00, 'Odbiór osobisty', 'BLIK', 1),
(755, 74, 'Nowe', '2024-12-18 13:10:20', 2300.00, 'Kurier INPOST', 'Karta kredytowa', 0),
(756, 75, 'Wysłane', '2024-12-19 11:30:00', 3000.99, 'Kurier DPD', 'Przelew', 1),
(757, 76, 'Realizowane', '2024-12-19 12:40:45', 2700.50, 'Odbiór osobisty', 'BLIK', 0),
(758, 77, 'Dostarczone', '2024-12-20 13:10:20', 2200.00, 'Kurier INPOST', 'Karta kredytowa', 1),
(759, 78, 'Realizowane', '2024-12-20 14:20:05', 2400.00, 'Kurier DPD', 'Przelew', 0),
(760, 79, 'Dostarczone', '2024-12-21 15:25:30', 3500.00, 'Odbiór osobisty', 'BLIK', 1),
(761, 80, 'Realizowane', '2024-12-21 16:10:00', 2000.00, 'Kurier INPOST', 'Karta kredytowa', 0),
(762, 81, 'Dostarczone', '2024-12-22 10:45:00', 1500.50, 'Kurier DPD', 'Przelew', 1),
(763, 82, 'Nowe', '2024-12-22 12:30:30', 3300.00, 'Odbiór osobisty', 'BLIK', 0),
(764, 83, 'Wysłane', '2024-12-23 13:25:05', 2600.50, 'Kurier INPOST', 'Karta kredytowa', 1),
(765, 84, 'Realizowane', '2024-12-23 14:35:10', 2800.99, 'Kurier DPD', 'Przelew', 0),
(766, 85, 'Dostarczone', '2024-12-24 11:15:00', 3500.00, 'Odbiór osobisty', 'BLIK', 1),
(767, 86, 'Nowe', '2024-12-24 12:00:50', 2200.00, 'Kurier INPOST', 'Karta kredytowa', 0),
(768, 87, 'Wysłane', '2024-12-25 13:10:15', 2400.50, 'Kurier DPD', 'Przelew', 1),
(769, 50, 'Nowe', '2024-12-25 14:35:40', 2800.50, 'Kurier DPD', 'Przelew', 0),
(770, 51, 'Wysłane', '2024-12-26 15:45:25', 3300.00, 'Kurier INPOST', 'Karta kredytowa', 1),
(771, 52, 'Realizowane', '2024-12-26 16:10:15', 2400.00, 'Odbiór osobisty', 'BLIK', 0),
(772, 54, 'Dostarczone', '2024-12-27 12:25:30', 3500.99, 'Kurier DPD', 'Przelew', 1),
(773, 55, 'Nowe', '2024-12-27 13:40:10', 2700.00, 'Kurier INPOST', 'Karta kredytowa', 0),
(774, 56, 'Wysłane', '2024-12-28 11:20:00', 2200.50, 'Odbiór osobisty', 'BLIK', 1),
(775, 57, 'Realizowane', '2024-12-28 12:05:10', 2000.00, 'Kurier DPD', 'Przelew', 0),
(776, 58, 'Dostarczone', '2024-12-29 10:15:30', 3200.99, 'Kurier INPOST', 'Karta kredytowa', 1),
(777, 59, 'Nowe', '2024-12-29 11:30:50', 2500.00, 'Odbiór osobisty', 'BLIK', 0),
(778, 60, 'Wysłane', '2024-12-30 13:10:00', 2800.00, 'Kurier DPD', 'Przelew', 1),
(779, 64, 'Realizowane', '2024-12-30 14:15:35', 3300.50, 'Kurier INPOST', 'Karta kredytowa', 0),
(780, 65, 'Dostarczone', '2024-12-31 11:50:25', 3500.00, 'Odbiór osobisty', 'BLIK', 1),
(781, 66, 'Nowe', '2024-12-31 13:05:10', 2200.00, 'Kurier DPD', 'Przelew', 0),
(782, 67, 'Wysłane', '2025-01-01 15:10:35', 2700.50, 'Kurier INPOST', 'Karta kredytowa', 1),
(783, 68, 'Realizowane', '2025-01-01 16:20:25', 3000.00, 'Odbiór osobisty', 'BLIK', 0),
(784, 69, 'Dostarczone', '2025-01-02 10:00:45', 2400.00, 'Kurier DPD', 'Przelew', 1),
(785, 70, 'Nowe', '2025-01-02 11:15:10', 2200.50, 'Kurier INPOST', 'Karta kredytowa', 0),
(786, 71, 'Wysłane', '2025-01-03 12:00:30', 3100.99, 'Odbiór osobisty', 'BLIK', 1),
(787, 72, 'Realizowane', '2025-01-03 13:05:15', 2500.00, 'Kurier DPD', 'Przelew', 0),
(788, 73, 'Dostarczone', '2025-01-04 11:30:25', 2800.99, 'Kurier INPOST', 'Karta kredytowa', 1),
(789, 74, 'Nowe', '2025-01-04 12:35:00', 2300.00, 'Odbiór osobisty', 'BLIK', 0),
(790, 75, 'Wysłane', '2025-01-05 13:00:40', 3500.50, 'Kurier DPD', 'Przelew', 1),
(791, 76, 'Realizowane', '2025-01-05 14:20:10', 2900.00, 'Kurier INPOST', 'Karta kredytowa', 0),
(792, 77, 'Dostarczone', '2025-01-06 11:45:25', 3000.50, 'Odbiór osobisty', 'BLIK', 1),
(793, 78, 'Nowe', '2025-01-06 12:55:00', 3200.00, 'Kurier DPD', 'Przelew', 0),
(794, 79, 'Wysłane', '2025-01-07 13:15:50', 2200.00, 'Kurier INPOST', 'Karta kredytowa', 1),
(795, 80, 'Realizowane', '2025-01-07 14:30:15', 2700.00, 'Odbiór osobisty', 'BLIK', 0),
(796, 81, 'Dostarczone', '2025-01-08 10:25:20', 2500.50, 'Kurier DPD', 'Przelew', 1),
(797, 82, 'Nowe', '2025-01-08 11:40:35', 3500.00, 'Kurier INPOST', 'Karta kredytowa', 0),
(798, 83, 'Wysłane', '2025-01-09 12:10:25', 2900.99, 'Odbiór osobisty', 'BLIK', 1),
(799, 84, 'Realizowane', '2025-01-09 13:05:30', 2400.00, 'Kurier DPD', 'Przelew', 0),
(800, 85, 'Dostarczone', '2025-01-10 11:20:45', 2700.00, 'Kurier INPOST', 'Karta kredytowa', 1),
(801, 86, 'Nowe', '2025-01-10 12:25:10', 2200.50, 'Odbiór osobisty', 'BLIK', 0),
(802, 87, 'Wysłane', '2025-01-11 13:35:00', 3300.00, 'Kurier DPD', 'Przelew', 1),
(803, 50, 'Nowe', '2024-12-25 14:35:40', 2800.50, 'Kurier DPD', 'Przelew', 0),
(804, 51, 'Wysłane', '2024-12-26 15:45:25', 3300.00, 'Kurier INPOST', 'Karta kredytowa', 1),
(805, 52, 'Realizowane', '2024-12-26 16:10:15', 2400.00, 'Odbiór osobisty', 'BLIK', 0),
(806, 54, 'Dostarczone', '2024-12-27 12:25:30', 3500.99, 'Kurier DPD', 'Przelew', 1),
(807, 55, 'Nowe', '2024-12-27 13:40:10', 2700.00, 'Kurier INPOST', 'Karta kredytowa', 0),
(808, 56, 'Wysłane', '2024-12-28 11:20:00', 2200.50, 'Odbiór osobisty', 'BLIK', 1),
(809, 57, 'Realizowane', '2024-12-28 12:05:10', 2000.00, 'Kurier DPD', 'Przelew', 0),
(810, 58, 'Dostarczone', '2024-12-29 10:15:30', 3200.99, 'Kurier INPOST', 'Karta kredytowa', 1),
(811, 59, 'Nowe', '2024-12-29 11:30:50', 2500.00, 'Odbiór osobisty', 'BLIK', 0),
(812, 60, 'Wysłane', '2024-12-30 13:10:00', 2800.00, 'Kurier DPD', 'Przelew', 1),
(813, 64, 'Realizowane', '2024-12-30 14:15:35', 3300.50, 'Kurier INPOST', 'Karta kredytowa', 0),
(814, 65, 'Dostarczone', '2024-12-31 11:50:25', 3500.00, 'Odbiór osobisty', 'BLIK', 1),
(815, 66, 'Nowe', '2024-12-31 13:05:10', 2200.00, 'Kurier DPD', 'Przelew', 0),
(816, 67, 'Wysłane', '2025-01-01 15:10:35', 2700.50, 'Kurier INPOST', 'Karta kredytowa', 1),
(817, 68, 'Realizowane', '2025-01-01 16:20:25', 3000.00, 'Odbiór osobisty', 'BLIK', 0),
(818, 69, 'Dostarczone', '2025-01-02 10:00:45', 2400.00, 'Kurier DPD', 'Przelew', 1),
(819, 70, 'Nowe', '2025-01-02 11:15:10', 2200.50, 'Kurier INPOST', 'Karta kredytowa', 0),
(820, 71, 'Wysłane', '2025-01-03 12:00:30', 3100.99, 'Odbiór osobisty', 'BLIK', 1),
(821, 72, 'Realizowane', '2025-01-03 13:05:15', 2500.00, 'Kurier DPD', 'Przelew', 0),
(822, 73, 'Dostarczone', '2025-01-04 11:30:25', 2800.99, 'Kurier INPOST', 'Karta kredytowa', 1),
(823, 74, 'Nowe', '2025-01-04 12:35:00', 2300.00, 'Odbiór osobisty', 'BLIK', 0),
(824, 75, 'Wysłane', '2025-01-05 13:00:40', 3500.50, 'Kurier DPD', 'Przelew', 1),
(825, 76, 'Realizowane', '2025-01-05 14:20:10', 2900.00, 'Kurier INPOST', 'Karta kredytowa', 0),
(826, 77, 'Dostarczone', '2025-01-06 11:45:25', 3000.50, 'Odbiór osobisty', 'BLIK', 1),
(827, 78, 'Nowe', '2025-01-06 12:55:00', 3200.00, 'Kurier DPD', 'Przelew', 0),
(828, 79, 'Wysłane', '2025-01-07 13:15:50', 2200.00, 'Kurier INPOST', 'Karta kredytowa', 1),
(829, 80, 'Realizowane', '2025-01-07 14:30:15', 2700.00, 'Odbiór osobisty', 'BLIK', 0),
(830, 81, 'Dostarczone', '2025-01-08 10:25:20', 2500.50, 'Kurier DPD', 'Przelew', 1),
(831, 82, 'Nowe', '2025-01-08 11:40:35', 3500.00, 'Kurier INPOST', 'Karta kredytowa', 0),
(832, 83, 'Wysłane', '2025-01-09 12:10:25', 2900.99, 'Odbiór osobisty', 'BLIK', 1),
(835, 86, 'Nowe', '2025-01-10 12:25:10', 2200.50, 'Odbiór osobisty', 'BLIK', 0),
(836, 87, 'Wysłane', '2025-01-11 13:35:00', 3300.00, 'Kurier DPD', 'Przelew', 1);

-- --------------------------------------------------------

--
-- Struktura tabeli dla tabeli `products`
--

CREATE TABLE `products` (
  `id` bigint(20) NOT NULL,
  `nazwa` varchar(255) DEFAULT NULL,
  `kategoria` varchar(255) DEFAULT NULL,
  `model` varchar(255) DEFAULT NULL,
  `cena` double(10,2) DEFAULT NULL,
  `id_zamowienia` bigint(20) DEFAULT NULL
) ENGINE=InnoDB DEFAULT CHARSET=utf8mb4 COLLATE=utf8mb4_general_ci;

--
-- Dumping data for table `products`
--

INSERT INTO `products` (`id`, `nazwa`, `kategoria`, `model`, `cena`, `id_zamowienia`) VALUES
(177, 'Mikrofala Samsung MS23F301EAW', 'Mikrofale', 'MS23F301EAW', 399.00, NULL),
(179, 'Telewizor LG 50UP81003LR', 'Telewizory', '50UP81003LR', 2499.00, NULL),
(189, 'Ekspres do kawy Philips HD8650/09', 'Ekspresy do kawy', 'HD8650/09', 899.00, NULL),
(222, 'Suszarka Bosch WTN85200PL', 'Suszarki', 'WTN85200PL', 1799.00, NULL),
(223, 'Odkurzacz Philips FC9332/09', 'Odkurzacze', 'FC9332/09', 549.00, NULL),
(226, 'Mikrofala Samsung MG23K3575AK', 'Mikrofale', 'MG23K3575AK', 499.00, NULL),
(227, 'Ekspres do kawy Jura E8', 'Ekspresy do kawy', 'E8', 4299.00, NULL),
(229, 'Wiertarka Makita HP1640', 'Narzędzia', 'HP1640', 399.00, NULL),
(231, 'Zmywarka Electrolux ESL5300RO', 'Zmywarki', 'ESL5300RO', 1399.00, NULL),
(233, 'Odkurzacz Hoover H-FREE 500', 'Odkurzacze', 'H-FREE 500', 849.00, NULL),
(234, 'Lodówka Samsung RB37J5019SS', 'Lodówki', 'RB37J5019SS', 2399.00, NULL),
(235, 'Piekarnik Whirlpool AKP 745 IX', 'Piekarniki', 'AKP 745 IX', 1499.00, NULL),
(237, 'Mikrofala Electrolux EMS30400OX', 'Mikrofale', 'EMS30400OX', 549.00, NULL),
(238, 'Ekspres do kawy Siemens EQ.6 Plus', 'Ekspresy do kawy', 'EQ.6 Plus', 3899.00, NULL),
(241, 'Zmywarka Samsung DW60M6040BB', 'Zmywarki', 'DW60M6040BB', 1499.00, NULL),
(242, 'Suszarka Electrolux EW7H378B', 'Suszarki', 'EW7H378B', 1799.00, NULL),
(243, 'Odkurzacz Samsung VC3100', 'Odkurzacze', 'VC3100', 799.00, NULL),
(244, 'Lodówka Whirlpool WQ9 B1L', 'Lodówki', 'WQ9 B1L', 2299.00, 45),
(246, 'Mikrofala Sharp R-242INW', 'Mikrofale', 'R-242INW', 399.00, NULL),
(247, 'Ekspres do kawy Saeco Xelsis SM7684/00', 'Ekspresy do kawy', 'SM7684/00', 3499.00, NULL),
(248, 'Telewizor Hisense 55A7500F', 'Telewizory', '55A7500F', 2499.00, 49),
(281, 'Zmywarka Bosch SMS46MI10E', 'Zmywarki', 'SMS46MI10E', 1799.00, NULL),
(282, 'Suszarka Samsung DV80T5220AX', 'Suszarki', 'DV80T5220AX', 2199.00, 53),
(283, 'Odkurzacz Dyson V11 Absolute', 'Odkurzacze', 'V11 Absolute', 2999.00, NULL),
(284, 'Lodówka Amica FK 308.4AA', 'Lodówki', 'FK 308.4AA', 1799.00, NULL),
(286, 'Mikrofala LG MH6535GIB', 'Mikrofale', 'MH6535GIB', 499.00, NULL),
(287, 'Ekspres do kawy DeLonghi ECAM 23.460', 'Ekspresy do kawy', 'ECAM 23.460', 2599.00, 58),
(289, 'Wiertarka Bosch PSB 500 RE', 'Narzędzia', 'PSB 500 RE', 249.00, NULL),
(290, 'Pralka Samsung WW90T654DAX', 'Pralki', 'WW90T654DAX', 1999.00, NULL),
(291, 'Zmywarka Siemens SN636X03ME', 'Zmywarki', 'SN636X03ME', 1599.00, NULL),
(292, 'Klimatyzator LG PC09SQ', 'Klimatyzatory', 'PC09SQ', 2599.00, NULL),
(293, 'Odkurzacz Hoover H-Pure 700', 'Odkurzacze', 'H-Pure 700', 1099.00, 64),
(294, 'Lodówka Beko RCNA406E40ZWB', 'Lodówki', 'RCNA406E40ZWB', 2399.00, NULL),
(297, 'Mikrofala Samsung ME83X', 'Mikrofale', 'ME83X', 399.00, 68),
(298, 'Ekspres do kawy Krups EA8908', 'Ekspresy do kawy', 'EA8908', 2999.00, 69),
(299, 'Telewizor TCL 55EP680', 'Telewizory', '55EP680', 2299.00, 70),
(300, 'Pralka LG F4V710WSP', 'Pralki', 'F4V710WSP', 2099.00, NULL),
(302, 'Suszarka AEG T8DE76EC', 'Suszarki', 'T8DE76EC', 2199.00, NULL),
(304, 'Mikrofala Whirlpool MWP 302K', 'Mikrofale', 'MWP 302K', 499.00, NULL),
(305, 'Ekspres do kawy Philips HD8650/09', 'Ekspresy do kawy', 'HD8650/09', 999.00, 78),
(307, 'Pralka Indesit BWE 71052 W', 'Pralki', 'BWE 71052 W', 1199.00, 80),
(308, 'Pralka Samsung WW90J5456FW', 'Pralki', 'WW90J5456FW', 2199.00, NULL),
(309, 'Zmywarka Whirlpool WFC 3C26', 'Zmywarki', 'WFC 3C26', 1499.00, 82),
(310, 'Suszarka Bosch WTYH8761PL', 'Suszarki', 'WTYH8761PL', 2799.00, NULL),
(311, 'Odkurzacz Dyson V10 Absolute', 'Odkurzacze', 'V10 Absolute', 3199.00, NULL),
(312, 'Lodówka Samsung RB37J5018SA', 'Lodówki', 'RB37J5018SA', 2399.00, NULL),
(313, 'Kuchnia Gorenje EC6462XA', 'Kuchnie', 'EC6462XA', 1699.00, 86),
(314, 'Mikrofala LG MH6336GB', 'Mikrofale', 'MH6336GB', 399.00, 87),
(315, 'Ekspres do kawy Saeco Xelsis SM7683/00', 'Ekspresy do kawy', 'SM7683/00', 3899.00, 88),
(316, 'Telewizor Philips 55OLED803', 'Telewizory', '55OLED803', 7499.00, 89),
(317, 'Wiertarka Makita HP1640K', 'Narzędzia', 'HP1640K', 299.00, NULL),
(319, 'Zmywarka AEG FSS62800P', 'Zmywarki', 'FSS62800P', 1899.00, NULL),
(320, 'Klimatyzator Mitsubishi Electric MSZ-AP25VGK', 'Klimatyzatory', 'MSZ-AP25VGK', 2699.00, NULL),
(321, 'Odkurzacz Rowenta Air Force 360', 'Odkurzacze', 'Air Force 360', 1199.00, NULL),
(322, 'Lodówka Bosch KGN39VL30', 'Lodówki', 'KGN39VL30', 2699.00, 95),
(323, 'Piekarnik Siemens HB632GBS1', 'Piekarniki', 'HB632GBS1', 2199.00, 96),
(325, 'Mikrofala Samsung ME88F-1', 'Mikrofale', 'ME88F-1', 449.00, 98),
(326, 'Ekspres do kawy DeLonghi Dinamica ECAM350.75.SB', 'Ekspresy do kawy', 'ECAM350.75.SB', 2899.00, NULL),
(328, 'Pralka Electrolux EW6F428WP', 'Pralki', 'EW6F428WP', 1499.00, NULL),
(329, 'Zmywarka Beko DIN26410', 'Zmywarki', 'DIN26410', 1299.00, NULL),
(330, 'Suszarka AEG T8DE8558P', 'Suszarki', 'T8DE8558P', 2499.00, 103),
(331, 'Odkurzacz Shark IZ251EU', 'Odkurzacze', 'IZ251EU', 1599.00, NULL),
(332, 'Lodówka Liebherr CN 4015', 'Lodówki', 'CN 4015', 2199.00, NULL),
(334, 'Mikrofala Whirlpool MWP 308K', 'Mikrofale', 'MWP 308K', 449.00, NULL),
(335, 'Ekspres do kawy Jura E8', 'Ekspresy do kawy', 'E8', 4599.00, NULL),
(336, 'Telewizor Samsung UE50TU7102K', 'Telewizory', 'UE50TU7102K', 1799.00, NULL),
(337, 'Pralka Bosch WAN2426KPL', 'Pralki', 'WAN2426KPL', 1899.00, NULL),
(338, 'Zmywarka Siemens SN636X01AE', 'Zmywarki', 'SN636X01AE', 1599.00, NULL),
(339, 'Klimatyzator LG P09RK', 'Klimatyzatory', 'P09RK', 2399.00, NULL),
(340, 'Odkurzacz Xiaomi Roborock S6', 'Odkurzacze', 'Roborock S6', 1799.00, NULL),
(341, 'Lodówka Gorenje NRK6192TX', 'Lodówki', 'NRK6192TX', 2299.00, NULL),
(342, 'Pralka LG F4V309SNE', 'Pralki', 'F4V309SNE', 1799.00, NULL),
(344, 'Suszarka Samsung DV80M50103W', 'Suszarki', 'DV80M50103W', 2399.00, NULL),
(345, 'Odkurzacz Bosch BCH6ZOOO', 'Odkurzacze', 'BCH6ZOOO', 1499.00, NULL),
(346, 'Lodówka Whirlpool WBE3411 A+F', 'Lodówki', 'WBE3411 A+F', 1599.00, NULL),
(348, 'Mikrofala Panasonic NN-K10JMMZ', 'Mikrofale', 'NN-K10JMMZ', 399.00, NULL),
(349, 'Ekspres do kawy Saeco PicoBaristo HD8927/01', 'Ekspresy do kawy', 'HD8927/01', 2799.00, NULL),
(350, 'Telewizor LG 55NANO813PA', 'Telewizory', '55NANO813PA', 2899.00, NULL),
(351, 'Wiertarka Bosch PSB 500 RE', 'Narzędzia', 'PSB 500 RE', 299.00, NULL),
(352, 'Pralka Miele WWR 860 WPS', 'Pralki', 'WWR 860 WPS', 4999.00, NULL),
(353, 'Zmywarka Samsung DW60M6050FS', 'Zmywarki', 'DW60M6050FS', 1699.00, NULL),
(354, 'Klimatyzator Daikin FTXF50C', 'Klimatyzatory', 'FTXF50C', 3199.00, NULL),
(355, 'Odkurzacz Hoover H-Free 500', 'Odkurzacze', 'H-Free 500', 899.00, NULL),
(356, 'Lodówka Hisense RB400N4BW1', 'Lodówki', 'RB400N4BW1', 2199.00, NULL),
(359, 'Mikrofala Beko MGC20100BG', 'Mikrofale', 'MGC20100BG', 379.00, NULL),
(360, 'Ekspres do kawy Delonghi ECAM 350.75.SB', 'Ekspresy do kawy', 'ECAM 350.75.SB', 3699.00, NULL),
(362, 'Pralka Indesit BWE 81484X WSSS', 'Pralki', 'BWE 81484X WSSS', 999.00, NULL),
(363, 'Zmywarka Bauknecht GSXK 840', 'Zmywarki', 'GSXK 840', 2099.00, NULL),
(364, 'Suszarka Whirlpool AZA 1991', 'Suszarki', 'AZA 1991', 2299.00, NULL),
(365, 'Odkurzacz Electrolux Pure D8', 'Odkurzacze', 'Pure D8', 1099.00, NULL),
(366, 'Lodówka Liebherr CBPesf 4023', 'Lodówki', 'CBPesf 4023', 2799.00, NULL),
(367, 'Kuchnia Gorenje EC61CLI', 'Kuchnie', 'EC61CLI', 1599.00, NULL),
(368, 'Mikrofala Sharp R-742INW', 'Mikrofale', 'R-742INW', 449.00, NULL),
(369, 'Ekspres do kawy Philips 3200 EP3243/50', 'Ekspresy do kawy', 'EP3243/50', 1799.00, NULL),
(370, 'Telewizor Toshiba 55UL2063DG', 'Telewizory', '55UL2063DG', 2499.00, NULL),
(371, 'Pralka Zanussi ZWF 71260W', 'Pralki', 'ZWF 71260W', 1399.00, NULL),
(372, 'Zmywarka Electrolux ESF 5512LOX', 'Zmywarki', 'ESF 5512LOX', 1499.00, NULL),
(373, 'Suszarka AEG T8DE8558P', 'Suszarki', 'T8DE8558P', 2499.00, NULL),
(376, 'Suszarka Samsung DV90M5000QW', 'Suszarki', 'DV90M5000QW', 2499.00, NULL),
(377, 'Odkurzacz Dyson V11 Absolute', 'Odkurzacze', 'V11 Absolute', 2799.00, NULL),
(378, 'Lodówka Liebherr SBSes 7165', 'Lodówki', 'SBSes 7165', 5699.00, NULL),
(379, 'Kuchnia Amica 58CE1.37ZpTa', 'Kuchnie', '58CE1.37ZpTa', 2299.00, NULL),
(380, 'Mikrofala Samsung MG23F301TAK', 'Mikrofale', 'MG23F301TAK', 499.00, NULL),
(381, 'Ekspres do kawy Nivona CafeRomatica 770', 'Ekspresy do kawy', 'CafeRomatica 770', 2299.00, NULL),
(382, 'Telewizor Samsung UE65RU8002', 'Telewizory', 'UE65RU8002', 3699.00, NULL),
(383, 'Wiertarka Makita HP1641', 'Narzędzia', 'HP1641', 459.00, NULL),
(384, 'Pralka Whirlpool FWF81283W', 'Pralki', 'FWF81283W', 1199.00, NULL),
(386, 'Klimatyzator LG Dualcool AC12BQ', 'Klimatyzatory', 'AC12BQ', 3199.00, NULL),
(387, 'Odkurzacz Philips FC9198/91', 'Odkurzacze', 'FC9198/91', 1299.00, NULL),
(388, 'Lodówka Beko GNE60520X', 'Lodówki', 'GNE60520X', 3299.00, NULL),
(389, 'Piekarnik Samsung NV75J3030AS', 'Piekarniki', 'NV75J3030AS', 1899.00, NULL),
(390, 'Kuchnia Bosch HGA21D355', 'Kuchnie', 'HGA21D355', 2199.00, 163),
(391, 'Pralka Electrolux EW6F548W', 'Pralki', 'EW6F548W', 1799.00, NULL),
(393, 'Suszarka Bosch WTW875W0PL', 'Suszarki', 'WTW875W0PL', 2699.00, NULL),
(394, 'Odkurzacz Hoover H-Free 500', 'Odkurzacze', 'H-Free 500', 899.00, 58),
(395, 'Lodówka Samsung RB33J3030SA', 'Lodówki', 'RB33J3030SA', 1899.00, NULL),
(396, 'Kuchnia Whirlpool AKP 745/IXL', 'Kuchnie', 'AKP 745/IXL', 2399.00, NULL),
(397, 'Mikrofala Sharp R-772', 'Mikrofale', 'R-772', 399.00, NULL),
(398, 'Ekspres do kawy Saeco PicoBaristo', 'Ekspresy do kawy', 'PicoBaristo', 3999.00, NULL),
(399, 'Telewizor LG OLED55CX6LA', 'Telewizory', 'OLED55CX6LA', 7499.00, NULL),
(400, 'Wiertarka Bosch GSB 13 RE', 'Narzędzia', 'GSB 13 RE', 199.00, NULL),
(401, 'Pralka Haier HW80-B14979', 'Pralki', 'HW80-B14979', 1599.00, NULL),
(402, 'Zmywarka Amica ZIA6430', 'Zmywarki', 'ZIA6430', 1499.00, NULL),
(403, 'Klimatyzator Xiaomi Mi Air Conditioner', 'Klimatyzatory', 'Mi Air Conditioner', 2299.00, NULL),
(404, 'Odkurzacz Rowenta RO2981', 'Odkurzacze', 'RO2981', 459.00, NULL),
(405, 'Lodówka Beko GN162420X', 'Lodówki', 'GN162420X', 2699.00, NULL),
(406, 'Piekarnik Electrolux EOD6C71X', 'Piekarniki', 'EOD6C71X', 1699.00, NULL),
(407, 'Kuchnia Indesit I6V54AW', 'Kuchnie', 'I6V54AW', 1599.00, NULL),
(408, 'Mikrofala Bosch HMT75M421', 'Mikrofale', 'HMT75M421', 649.00, NULL),
(409, 'Ekspres do kawy DeLonghi ECAM 23.420', 'Ekspresy do kawy', 'ECAM 23.420', 1999.00, NULL),
(410, 'Telewizor Sony KD-65XH9505', 'Telewizory', 'KD-65XH9505', 6199.00, NULL),
(411, 'Wiertarka Makita HP1640K', 'Narzędzia', 'HP1640K', 499.00, NULL),
(412, 'Pralka Samsung WW80K5410UX', 'Pralki', 'WW80K5410UX', 1899.00, 86),
(413, 'Zmywarka Whirlpool WFC 3C26', 'Zmywarki', 'WFC 3C26', 1799.00, NULL),
(414, 'Suszarka Beko DH8333RX', 'Suszarki', 'DH8333RX', 1999.00, NULL),
(415, 'Odkurzacz Philips FC9330', 'Odkurzacze', 'FC9330', 499.00, NULL),
(416, 'Lodówka Gorenje NRK6191CX', 'Lodówki', 'NRK6191CX', 2999.00, NULL),
(417, 'Piekarnik Samsung NV75J3030AS', 'Piekarniki', 'NV75J3030AS', 1899.00, NULL),
(418, 'Kuchnia Bosch HGA21D355', 'Kuchnie', 'HGA21D355', 2499.00, NULL),
(419, 'Mikrofala Whirlpool MWP 338 SB', 'Mikrofale', 'MWP 338 SB', 649.00, NULL),
(451, 'Zmywarka Electrolux ESL5300LO', 'Zmywarki', 'ESL5300LO', 2099.00, NULL),
(452, 'Suszarka AEG T8DBG48S', 'Suszarki', 'T8DBG48S', 2499.00, NULL),
(453, 'Odkurzacz Dyson V8 Absolute', 'Odkurzacze', 'V8 Absolute', 1999.00, NULL),
(454, 'Lodówka LG GBP31DSLZN', 'Lodówki', 'LG GPBP321', 1999.00, NULL),
(455, 'Kuchnia Beko FSG62000DX', 'Kuchnie', 'FSG62000DX', 2499.00, NULL),
(456, 'Mikrofala Samsung MG23K3575AK', 'Mikrofale', 'MG23K3575AK', 649.00, NULL),
(457, 'Ekspres do kawy Philips 3200 LatteGo', 'Ekspresy do kawy', '3200 LatteGo', 2299.00, NULL),
(458, 'Telewizor Philips 65PUS8505', 'Telewizory', '65PUS8505', 3799.00, NULL),
(459, 'Wiertarka Black & Decker BDCDS18C', 'Narzędzia', 'BDCDS18C', 299.00, NULL),
(462, 'Suszarka Electrolux EDH3497RDE', 'Suszarki', 'EDH3497RDE', 2499.00, NULL),
(463, 'Odkurzacz Rowenta RH8872', 'Odkurzacze', 'RH8872', 799.00, NULL),
(464, 'Lodówka Whirlpool WBL 302', 'Lodówki', 'WBL 302', 1999.00, NULL),
(465, 'Piekarnik Gorenje BO747E41X', 'Piekarniki', 'BO747E41X', 2399.00, NULL),
(467, 'Mikrofala Panasonic NN-CD58JS', 'Mikrofale', 'NN-CD58JS', 1099.00, NULL),
(468, 'Ekspres do kawy DeLonghi ECAM 350.55', 'Ekspresy do kawy', 'ECAM 350.55', 3499.00, 98),
(469, 'Telewizor Samsung QE55Q60TA', 'Telewizory', 'QE55Q60TA', 3199.00, NULL),
(470, 'Wiertarka Makita DHP481RTJ', 'Narzędzia', 'DHP481RTJ', 1099.00, NULL),
(473, 'Suszarka Beko DH8634GS0', 'Suszarki', 'DH8634GS0', 2199.00, NULL),
(474, 'Odkurzacz Electrolux Pure D8', 'Odkurzacze', 'Pure D8', 599.00, 64),
(475, 'Lodówka Gorenje NRK6192JSX', 'Lodówki', 'NRK6192JSX', 2599.00, NULL),
(477, 'Kuchnia Indesit I6V54AW', 'Kuchnie', 'I6V54AW', 1499.00, NULL),
(478, 'Mikrofala LG MH7031DPS', 'Mikrofale', 'MH7031DPS', 899.00, NULL),
(479, 'Ekspres do kawy Saeco Xelsis', 'Ekspresy do kawy', 'Xelsis', 4999.00, NULL),
(480, 'Pralka Samsung WW90T654DLX', 'Pralki', 'WW90T654DLX', 2299.00, NULL),
(482, 'Suszarka AEG T9DE776S', 'Suszarki', 'T9DE776S', 2799.00, NULL),
(483, 'Odkurzacz Hoover H-Free 500', 'Odkurzacze', 'H-Free 500', 849.00, NULL),
(484, 'Lodówka Liebherr CNef 3915', 'Lodówki', 'CNef 3915', 3199.00, NULL),
(485, 'Piekarnik Beko BIR 14400 X', 'Piekarniki', 'BIR 14400 X', 1999.00, NULL),
(486, 'Kuchnia Gorenje EC6S42', 'Kuchnie', 'EC6S42', 1499.00, NULL),
(487, 'Mikrofala Sharp R-982STW', 'Mikrofale', 'R-982STW', 899.00, NULL),
(488, 'Ekspres do kawy Krups EA8108', 'Ekspresy do kawy', 'EA8108', 1799.00, NULL),
(489, 'Telewizor Sony KD-55XH9505', 'Telewizory', 'KD-55XH9505', 4399.00, NULL),
(490, 'Wiertarka Bosch PSB 650 RE', 'Narzędzia', 'PSB 650 RE', 399.00, NULL),
(492, 'Zmywarka Siemens SN236W01KE', 'Zmywarki', 'SN236W01KE', 1799.00, NULL),
(493, 'Suszarka LG RC90U2AV3Q', 'Suszarki', 'RC90U2AV3Q', 2799.00, NULL),
(494, 'Odkurzacz Dyson V11 Absolute', 'Odkurzacze', 'V11 Absolute', 2999.00, NULL),
(495, 'Lodówka Samsung RB37J5009SA', 'Lodówki', 'RB37J5009SA', 2499.00, NULL),
(496, 'Piekarnik Amica EBP 7312 F', 'Piekarniki', 'EBP 7312 F', 1799.00, NULL),
(498, 'Mikrofala Beko MGB25333BG', 'Mikrofale', 'MGB25333BG', 799.00, NULL),
(499, 'Ekspres do kawy DeLonghi Magnifica S ECAM 22.110', 'Ekspresy do kawy', 'Magnifica S ECAM 22.110', 1499.00, NULL),
(500, 'Telewizor Samsung 65Q60T', 'Telewizory', '65Q60T', 2999.00, NULL),
(501, 'Wiertarka Makita HP1640K', 'Narzędzia', 'HP1640K', 489.00, NULL),
(502, 'Pralka Indesit BWSA 61051', 'Pralki', 'BWSA 61051', 1299.00, NULL),
(504, 'Suszarka Bosch WTX87M40PL', 'Suszarki', 'WTX87M40PL', 3499.00, NULL),
(505, 'Odkurzacz Electrolux Pure D9', 'Odkurzacze', 'Pure D9', 799.00, NULL),
(506, 'Lodówka Hisense RB400N4AW1', 'Lodówki', 'RB400N4AW1', 1699.00, NULL),
(507, 'Piekarnik Samsung NV70K1340AS', 'Piekarniki', 'NV70K1340AS', 1799.00, NULL),
(508, 'Kuchnia Ariston C600E', 'Kuchnie', 'C600E', 1799.00, NULL),
(509, 'Mikrofala Whirlpool MWP 303 SL', 'Mikrofale', 'MWP 303 SL', 649.00, NULL),
(510, 'Ekspres do kawy Nivona CafeRomatica 757', 'Ekspresy do kawy', 'CafeRomatica 757', 4599.00, NULL),
(511, 'Pralka LG F4WV708P2', 'Pralki', 'F4WV708P2', 2699.00, NULL),
(513, 'Suszarka Samsung DV90T8240SX', 'Suszarki', 'DV90T8240SX', 3399.00, NULL),
(514, 'Odkurzacz Philips PowerPro Compact', 'Odkurzacze', 'PowerPro Compact', 699.00, NULL),
(515, 'Lodówka Haier C3FE832CJ', 'Lodówki', 'C3FE832CJ', 2299.00, NULL),
(516, 'Piekarnik Gorenje BO75SY2B', 'Piekarniki', 'BO75SY2B', 1799.00, NULL),
(517, 'Kuchnia Amica 58GE3.33ZpTa', 'Kuchnie', '58GE3.33ZpTa', 1999.00, NULL),
(518, 'Mikrofala Samsung MS23K3513AW', 'Mikrofale', 'MS23K3513AW', 699.00, NULL),
(519, 'Ekspres do kawy Jura E6', 'Ekspresy do kawy', 'E6', 3499.00, NULL),
(549, 'Hihi', 'Ekspresy do kawy', 'Szybki Model', 3000.00, NULL),
(550, 'Szybki Produkt', 'Kuchnie', 'Modelek', 400.00, NULL),
(551, 'Ekspres do kawy Philips', 'Ekspresy do kawy', 'HD8827/09', 1299.99, 601),
(552, 'Klimatyzator Samsung', 'Klimatyzatory', 'AR12TXFZAPG', 1799.50, 602),
(553, 'Kuchnia gazowa Amica', 'Kuchnie', 'KG5GF21B', 1999.00, 603),
(554, 'Lodówka LG', 'Lodówki', 'GBB72PZFFN', 2599.99, 604),
(555, 'Mikrofala Samsung', 'Mikrofale', 'MS23K3513AK', 499.99, 605),
(556, 'Narzędzia Bosch', 'Narzędzia', 'GSR 18V-50', 899.00, 606),
(557, 'Odkurzacz Dyson V15', 'Odkurzacze', 'V15 Detect', 2999.99, 607),
(558, 'Piekarnik Electrolux', 'Piekarniki', 'EOD6C70X', 1599.99, 608),
(559, 'Pralka Samsung', 'Pralki', 'WW90T534DAW', 2299.99, 609),
(560, 'Suszarka do włosów Philips', 'Suszarki', 'BHD510/10', 249.99, 610),
(561, 'Telewizor LG', 'Telewizory', 'OLED55C1', 5999.99, 611),
(562, 'Zmywarka Bosch', 'Zmywarki', 'SMV46KX01E', 2499.99, 612),
(563, 'Ekspres do kawy DeLonghi', 'Ekspresy do kawy', 'ECAM 22.360.SB', 1499.99, 613),
(564, 'Klimatyzator LG', 'Klimatyzatory', 'PC18SQ', 1699.00, 614),
(565, 'Kuchnia elektryczna Amica', 'Kuchnie', 'KEI 61324', 1399.99, 615),
(566, 'Lodówka Samsung', 'Lodówki', 'RB34T602ESA', 1899.99, 616),
(567, 'Mikrofala Panasonic', 'Mikrofale', 'NN-DS59N', 799.00, 617),
(568, 'Narzędzia Makita', 'Narzędzia', 'DHP484RTJ', 1049.99, 618),
(569, 'Odkurzacz Shark', 'Odkurzacze', 'ZB301UK', 1999.00, 619),
(570, 'Piekarnik Samsung', 'Piekarniki', 'NV75K3030AS', 1799.99, 620),
(571, 'Pralka LG', 'Pralki', 'F4WV909P2', 2599.00, 621),
(572, 'Suszarka Remington', 'Suszarki', 'AC9140', 369.99, 622),
(573, 'Telewizor Samsung', 'Telewizory', 'QE55Q80AAT', 4499.99, 623),
(574, 'Zmywarka Siemens', 'Zmywarki', 'SN636X00CE', 3199.99, 624),
(575, 'Ekspres do kawy Saeco', 'Ekspresy do kawy', 'HD8967/01', 1899.99, 625),
(576, 'Klimatyzator Toshiba', 'Klimatyzatory', 'RAV-SM806KRT-E', 1599.00, 626),
(577, 'Kuchnia gazowa Whirlpool', 'Kuchnie', 'AKM 6000/IX', 1299.99, 627),
(578, 'Lodówka Whirlpool', 'Lodówki', 'WQA 12 OX', 2299.00, 628),
(579, 'Mikrofala Whirlpool', 'Mikrofale', 'MCP 349/IX', 349.99, 629),
(580, 'Narzędzia Stanley', 'Narzędzia', 'FMHT1-56013', 799.00, 630),
(581, 'Odkurzacz Miele', 'Odkurzacze', 'Complete C3', 1699.99, NULL),
(582, 'Piekarnik Whirlpool', 'Piekarniki', 'AKZ 6230', 1499.00, NULL),
(583, 'Pralka Beko', 'Pralki', 'WMB 71242 PT', 1199.99, NULL),
(584, 'Suszarka Bosch', 'Suszarki', 'PHD 7962', 179.99, NULL),
(585, 'Telewizor Philips', 'Telewizory', 'Ambilight 55PUS8506', 4999.99, NULL),
(586, 'Zmywarka Electrolux', 'Zmywarki', 'ESL4510LO', 1599.00, NULL),
(587, 'Ekspres do kawy Philips', 'Ekspresy do kawy', 'HD8827/09', 1299.99, 601),
(588, 'Klimatyzator Samsung', 'Klimatyzatory', 'AR12TXFZAPG', 1799.50, 602),
(589, 'Kuchnia gazowa Amica', 'Kuchnie', 'KG5GF21B', 1999.00, 603),
(590, 'Lodówka LG', 'Lodówki', 'GBB72PZFFN', 2599.99, 604),
(591, 'Mikrofala Samsung', 'Mikrofale', 'MS23K3513AK', 499.99, 605),
(592, 'Narzędzia Bosch', 'Narzędzia', 'GSR 18V-50', 899.00, 606),
(593, 'Odkurzacz Dyson V15', 'Odkurzacze', 'V15 Detect', 2999.99, 607),
(594, 'Piekarnik Electrolux', 'Piekarniki', 'EOD6C70X', 1599.99, 608),
(595, 'Pralka Samsung', 'Pralki', 'WW90T534DAW', 2299.99, 609),
(596, 'Suszarka do włosów Philips', 'Suszarki', 'BHD510/10', 249.99, 610),
(597, 'Telewizor LG', 'Telewizory', 'OLED55C1', 5999.99, 611),
(598, 'Zmywarka Bosch', 'Zmywarki', 'SMV46KX01E', 2499.99, 612),
(599, 'Ekspres do kawy DeLonghi', 'Ekspresy do kawy', 'ECAM 22.360.SB', 1499.99, 613),
(600, 'Klimatyzator LG', 'Klimatyzatory', 'PC18SQ', 1699.00, 614),
(601, 'Kuchnia elektryczna Amica', 'Kuchnie', 'KEI 61324', 1399.99, 615),
(602, 'Lodówka Samsung', 'Lodówki', 'RB34T602ESA', 1899.99, 616),
(603, 'Mikrofala Panasonic', 'Mikrofale', 'NN-DS59N', 799.00, 617),
(604, 'Narzędzia Makita', 'Narzędzia', 'DHP484RTJ', 1049.99, 618),
(605, 'Odkurzacz Shark', 'Odkurzacze', 'ZB301UK', 1999.00, 619),
(606, 'Piekarnik Samsung', 'Piekarniki', 'NV75K3030AS', 1799.99, 620),
(607, 'Pralka LG', 'Pralki', 'F4WV909P2', 2599.00, 621),
(608, 'Suszarka Remington', 'Suszarki', 'AC9140', 369.99, 622),
(609, 'Telewizor Samsung', 'Telewizory', 'QE55Q80AAT', 4499.99, 623),
(610, 'Zmywarka Siemens', 'Zmywarki', 'SN636X00CE', 3199.99, 624),
(611, 'Ekspres do kawy Saeco', 'Ekspresy do kawy', 'HD8967/01', 1899.99, 625),
(612, 'Klimatyzator Toshiba', 'Klimatyzatory', 'RAV-SM806KRT-E', 1599.00, 626),
(613, 'Kuchnia gazowa Whirlpool', 'Kuchnie', 'AKM 6000/IX', 1299.99, 627),
(614, 'Lodówka Whirlpool', 'Lodówki', 'WQA 12 OX', 2299.00, 628),
(615, 'Mikrofala Whirlpool', 'Mikrofale', 'MCP 349/IX', 349.99, 629),
(616, 'Narzędzia Stanley', 'Narzędzia', 'FMHT1-56013', 799.00, 630),
(617, 'Odkurzacz Miele', 'Odkurzacze', 'Complete C3', 1699.99, NULL),
(618, 'Piekarnik Whirlpool', 'Piekarniki', 'AKZ 6230', 1499.00, NULL),
(619, 'Pralka Beko', 'Pralki', 'WMB 71242 PT', 1199.99, NULL),
(620, 'Suszarka Bosch', 'Suszarki', 'PHD 7962', 179.99, NULL),
(621, 'Telewizor Philips', 'Telewizory', 'Ambilight 55PUS8506', 4999.99, NULL),
(622, 'Zmywarka Electrolux', 'Zmywarki', 'ESL4510LO', 1599.00, NULL),
(623, 'Ekspres do kawy Saeco', 'Ekspresy do kawy', 'Xelsis SM7684/04', 2999.99, NULL),
(624, 'Klimatyzator LG', 'Klimatyzatory', 'P09EN', 1699.00, NULL),
(625, 'Kuchnia gazowa Samsung', 'Kuchnie', 'NA75J3030AS', 1799.00, NULL),
(626, 'Lodówka Bosch', 'Lodówki', 'KGV33VL31S', 1899.99, NULL),
(627, 'Mikrofala Whirlpool', 'Mikrofale', 'MCP 344/IX', 369.00, NULL),
(628, 'Narzędzia Dewalt', 'Narzędzia', 'DCD791D2', 1299.00, NULL),
(629, 'Odkurzacz Philips', 'Odkurzacze', 'FC9174/01', 1699.00, NULL),
(630, 'Piekarnik Siemens', 'Piekarniki', 'HB578A0S0', 2599.99, NULL),
(631, 'Pralka AEG', 'Pralki', 'L6FBG49S', 2499.99, NULL),
(632, 'Suszarka Remington', 'Suszarki', 'D5000', 99.99, NULL),
(633, 'Telewizor Sony', 'Telewizory', 'KD-65XH9096', 4999.99, NULL),
(634, 'Zmywarka Whirlpool', 'Zmywarki', 'WFO3T133P', 1599.00, NULL),
(635, 'Ekspres do kawy Jura', 'Ekspresy do kawy', 'E8', 2499.99, NULL),
(636, 'Klimatyzator Midea', 'Klimatyzatory', 'MCA1-10HRN1', 1499.00, NULL),
(637, 'Kuchnia indukcyjna Samsung', 'Kuchnie', 'NA75J3030AS', 1999.00, NULL),
(638, 'Lodówka Electrolux', 'Lodówki', 'LNT7ME32', 2499.00, NULL),
(639, 'Mikrofala Panasonic', 'Mikrofale', 'NN-CT579SBPQ', 999.00, NULL),
(640, 'Narzędzia Milwaukee', 'Narzędzia', 'M18B2', 699.00, NULL),
(641, 'Odkurzacz Xiaomi', 'Odkurzacze', 'Mi Robot Vacuum Mop P', 1299.99, NULL),
(642, 'Piekarnik Gorenje', 'Piekarniki', 'BOP747A21X', 1499.99, NULL),
(643, 'Pralka Whirlpool', 'Pralki', 'FWSF61053WPL', 1599.99, NULL),
(644, 'Suszarka BaByliss', 'Suszarki', 'D301E', 79.99, NULL),
(645, 'Telewizor LG', 'Telewizory', 'OLED77CX6LA', 9999.99, NULL),
(646, 'Zmywarka Beko', 'Zmywarki', 'DIN28422', 1899.00, NULL),
(647, 'Ekspres do kawy DeLonghi', 'Ekspresy do kawy', 'ECAM 350.75.S', 2199.00, NULL),
(648, 'Klimatyzator Hisense', 'Klimatyzatory', 'AP-12CR4', 1399.00, NULL),
(649, 'Kuchnia gazowa Mastercook', 'Kuchnie', 'KGE 6120R', 999.00, NULL),
(650, 'Lodówka Sharp', 'Lodówki', 'SJ-XE60HSL', 2299.00, NULL),
(651, 'Mikrofala LG', 'Mikrofale', 'MS2535GIS', 649.00, NULL),
(652, 'Narzędzia Bosch', 'Narzędzia', 'PSB 1800 LI-2', 899.00, NULL),
(653, 'Odkurzacz Kärcher', 'Odkurzacze', 'WD 3 Premium', 399.00, NULL),
(654, 'Piekarnik Electrolux', 'Piekarniki', 'EOB9S31Z', 2399.00, NULL),
(655, 'Pralka LG', 'Pralki', 'F4V509WS', 2199.00, NULL),
(656, 'Suszarka Philips', 'Suszarki', 'HP8233/00', 159.00, NULL),
(657, 'Telewizor Samsung', 'Telewizory', 'QE55Q70AAT', 4999.00, NULL),
(658, 'Zmywarka Bosch', 'Zmywarki', 'SMV68MX03E', 2899.00, NULL),
(659, 'Ekspres do kawy Saeco', 'Ekspresy do kawy', 'Xelsis SM7684/04', 2999.99, NULL),
(660, 'Klimatyzator LG', 'Klimatyzatory', 'P09EN', 1699.00, NULL),
(661, 'Kuchnia gazowa Samsung', 'Kuchnie', 'NA75J3030AS', 1799.00, NULL),
(662, 'Lodówka Bosch', 'Lodówki', 'KGV33VL31S', 1899.99, NULL),
(663, 'Mikrofala Whirlpool', 'Mikrofale', 'MCP 344/IX', 369.00, NULL),
(664, 'Narzędzia Dewalt', 'Narzędzia', 'DCD791D2', 1299.00, NULL),
(665, 'Odkurzacz Philips', 'Odkurzacze', 'FC9174/01', 1699.00, NULL),
(666, 'Piekarnik Siemens', 'Piekarniki', 'HB578A0S0', 2599.99, NULL),
(667, 'Pralka AEG', 'Pralki', 'L6FBG49S', 2499.99, NULL),
(668, 'Suszarka Remington', 'Suszarki', 'D5000', 99.99, NULL),
(669, 'Telewizor Sony', 'Telewizory', 'KD-65XH9096', 4999.99, NULL),
(670, 'Zmywarka Whirlpool', 'Zmywarki', 'WFO3T133P', 1599.00, NULL),
(671, 'Ekspres do kawy Jura', 'Ekspresy do kawy', 'E8', 2499.99, NULL),
(672, 'Klimatyzator Midea', 'Klimatyzatory', 'MCA1-10HRN1', 1499.00, NULL),
(673, 'Kuchnia indukcyjna Samsung', 'Kuchnie', 'NA75J3030AS', 1999.00, NULL),
(674, 'Lodówka Electrolux', 'Lodówki', 'LNT7ME32', 2499.00, NULL),
(675, 'Mikrofala Panasonic', 'Mikrofale', 'NN-CT579SBPQ', 999.00, NULL),
(676, 'Narzędzia Milwaukee', 'Narzędzia', 'M18B2', 699.00, NULL),
(677, 'Odkurzacz Xiaomi', 'Odkurzacze', 'Mi Robot Vacuum Mop P', 1299.99, NULL),
(678, 'Piekarnik Gorenje', 'Piekarniki', 'BOP747A21X', 1499.99, NULL),
(679, 'Pralka Whirlpool', 'Pralki', 'FWSF61053WPL', 1599.99, NULL),
(680, 'Suszarka BaByliss', 'Suszarki', 'D301E', 79.99, NULL),
(681, 'Telewizor LG', 'Telewizory', 'OLED77CX6LA', 9999.99, NULL),
(682, 'Zmywarka Beko', 'Zmywarki', 'DIN28422', 1899.00, NULL),
(683, 'Ekspres do kawy DeLonghi', 'Ekspresy do kawy', 'ECAM 350.75.S', 2199.00, NULL),
(684, 'Klimatyzator Hisense', 'Klimatyzatory', 'AP-12CR4', 1399.00, NULL),
(685, 'Kuchnia gazowa Mastercook', 'Kuchnie', 'KGE 6120R', 999.00, NULL),
(686, 'Lodówka Sharp', 'Lodówki', 'SJ-XE60HSL', 2299.00, NULL),
(687, 'Mikrofala LG', 'Mikrofale', 'MS2535GIS', 649.00, NULL),
(688, 'Narzędzia Bosch', 'Narzędzia', 'PSB 1800 LI-2', 899.00, NULL),
(689, 'Odkurzacz Kärcher', 'Odkurzacze', 'WD 3 Premium', 399.00, NULL),
(690, 'Piekarnik Electrolux', 'Piekarniki', 'EOB9S31Z', 2399.00, NULL),
(691, 'Pralka LG', 'Pralki', 'F4V509WS', 2199.00, NULL),
(692, 'Suszarka Philips', 'Suszarki', 'HP8233/00', 159.00, NULL),
(693, 'Telewizor Samsung', 'Telewizory', 'QE55Q70AAT', 4999.00, NULL),
(694, 'Zmywarka Bosch', 'Zmywarki', 'SMV68MX03E', 2899.00, NULL),
(695, 'Ekspres do kawy Saeco', 'Ekspresy do kawy', 'Xelsis SM7684/04', 2999.99, NULL),
(696, 'Klimatyzator LG', 'Klimatyzatory', 'P09EN', 1699.00, NULL),
(697, 'Kuchnia gazowa Samsung', 'Kuchnie', 'NA75J3030AS', 1799.00, NULL),
(698, 'Lodówka Bosch', 'Lodówki', 'KGV33VL31S', 1899.99, NULL),
(699, 'Mikrofala Whirlpool', 'Mikrofale', 'MCP 344/IX', 369.00, NULL),
(700, 'Narzędzia Dewalt', 'Narzędzia', 'DCD791D2', 1299.00, NULL),
(701, 'Odkurzacz Philips', 'Odkurzacze', 'FC9174/01', 1699.00, NULL),
(702, 'Piekarnik Siemens', 'Piekarniki', 'HB578A0S0', 2599.99, NULL),
(703, 'Pralka AEG', 'Pralki', 'L6FBG49S', 2499.99, NULL),
(704, 'Suszarka Remington', 'Suszarki', 'D5000', 99.99, NULL),
(705, 'Telewizor Sony', 'Telewizory', 'KD-65XH9096', 4999.99, NULL),
(706, 'Zmywarka Whirlpool', 'Zmywarki', 'WFO3T133P', 1599.00, NULL),
(707, 'Ekspres do kawy Jura', 'Ekspresy do kawy', 'E8', 2499.99, NULL),
(708, 'Klimatyzator Midea', 'Klimatyzatory', 'MCA1-10HRN1', 1499.00, NULL),
(709, 'Kuchnia indukcyjna Samsung', 'Kuchnie', 'NA75J3030AS', 1999.00, NULL),
(710, 'Lodówka Electrolux', 'Lodówki', 'LNT7ME32', 2499.00, NULL),
(711, 'Mikrofala Panasonic', 'Mikrofale', 'NN-CT579SBPQ', 999.00, NULL),
(712, 'Narzędzia Milwaukee', 'Narzędzia', 'M18B2', 699.00, NULL),
(713, 'Odkurzacz Xiaomi', 'Odkurzacze', 'Mi Robot Vacuum Mop P', 1299.99, NULL),
(714, 'Piekarnik Gorenje', 'Piekarniki', 'BOP747A21X', 1499.99, NULL),
(715, 'Pralka Whirlpool', 'Pralki', 'FWSF61053WPL', 1599.99, NULL),
(716, 'Suszarka BaByliss', 'Suszarki', 'D301E', 79.99, NULL),
(717, 'Telewizor LG', 'Telewizory', 'OLED77CX6LA', 9999.99, NULL),
(718, 'Zmywarka Beko', 'Zmywarki', 'DIN28422', 1899.00, NULL),
(719, 'Ekspres do kawy DeLonghi', 'Ekspresy do kawy', 'ECAM 350.75.S', 2199.00, NULL),
(720, 'Klimatyzator Hisense', 'Klimatyzatory', 'AP-12CR4', 1399.00, NULL),
(721, 'Kuchnia gazowa Mastercook', 'Kuchnie', 'KGE 6120R', 999.00, NULL),
(722, 'Lodówka Sharp', 'Lodówki', 'SJ-XE60HSL', 2299.00, NULL),
(723, 'Mikrofala LG', 'Mikrofale', 'MS2535GIS', 649.00, NULL),
(724, 'Narzędzia Bosch', 'Narzędzia', 'PSB 1800 LI-2', 899.00, NULL),
(725, 'Odkurzacz Kärcher', 'Odkurzacze', 'WD 3 Premium', 399.00, NULL),
(726, 'Piekarnik Electrolux', 'Piekarniki', 'EOB9S31Z', 2399.00, NULL),
(727, 'Pralka LG', 'Pralki', 'F4V509WS', 2199.00, NULL),
(728, 'Suszarka Philips', 'Suszarki', 'HP8233/00', 159.00, NULL),
(729, 'Telewizor Samsung', 'Telewizory', 'QE55Q70AAT', 4999.00, NULL),
(730, 'Zmywarka Bosch', 'Zmywarki', 'SMV68MX03E', 2899.00, NULL),
(731, 'Ekspres do kawy Saeco', 'Ekspresy do kawy', 'Xelsis SM7684/04', 2999.99, NULL),
(732, 'Klimatyzator LG', 'Klimatyzatory', 'P09EN', 1699.00, NULL),
(733, 'Kuchnia gazowa Samsung', 'Kuchnie', 'NA75J3030AS', 1799.00, NULL),
(734, 'Lodówka Bosch', 'Lodówki', 'KGV33VL31S', 1899.99, NULL),
(735, 'Mikrofala Whirlpool', 'Mikrofale', 'MCP 344/IX', 369.00, NULL),
(736, 'Narzędzia Dewalt', 'Narzędzia', 'DCD791D2', 1299.00, NULL),
(737, 'Odkurzacz Philips', 'Odkurzacze', 'FC9174/01', 1699.00, NULL),
(738, 'Piekarnik Siemens', 'Piekarniki', 'HB578A0S0', 2599.99, NULL),
(739, 'Pralka AEG', 'Pralki', 'L6FBG49S', 2499.99, NULL),
(740, 'Suszarka Remington', 'Suszarki', 'D5000', 99.99, NULL),
(741, 'Telewizor Sony', 'Telewizory', 'KD-65XH9096', 4999.99, NULL),
(742, 'Zmywarka Whirlpool', 'Zmywarki', 'WFO3T133P', 1599.00, NULL),
(743, 'Ekspres do kawy Jura', 'Ekspresy do kawy', 'E8', 2499.99, NULL),
(744, 'Klimatyzator Midea', 'Klimatyzatory', 'MCA1-10HRN1', 1499.00, NULL),
(745, 'Kuchnia indukcyjna Samsung', 'Kuchnie', 'NA75J3030AS', 1999.00, NULL),
(746, 'Lodówka Electrolux', 'Lodówki', 'LNT7ME32', 2499.00, NULL),
(747, 'Mikrofala Panasonic', 'Mikrofale', 'NN-CT579SBPQ', 999.00, NULL),
(748, 'Narzędzia Milwaukee', 'Narzędzia', 'M18B2', 699.00, NULL),
(749, 'Odkurzacz Xiaomi', 'Odkurzacze', 'Mi Robot Vacuum Mop P', 1299.99, NULL),
(750, 'Piekarnik Gorenje', 'Piekarniki', 'BOP747A21X', 1499.99, NULL),
(751, 'Pralka Whirlpool', 'Pralki', 'FWSF61053WPL', 1599.99, NULL),
(752, 'Suszarka BaByliss', 'Suszarki', 'D301E', 79.99, NULL),
(753, 'Telewizor LG', 'Telewizory', 'OLED77CX6LA', 9999.99, NULL),
(754, 'Zmywarka Beko', 'Zmywarki', 'DIN28422', 1899.00, NULL),
(755, 'Ekspres do kawy DeLonghi', 'Ekspresy do kawy', 'ECAM 350.75.S', 2199.00, NULL),
(756, 'Klimatyzator Hisense', 'Klimatyzatory', 'AP-12CR4', 1399.00, NULL),
(757, 'Kuchnia gazowa Mastercook', 'Kuchnie', 'KGE 6120R', 999.00, NULL),
(758, 'Lodówka Sharp', 'Lodówki', 'SJ-XE60HSL', 2299.00, NULL),
(759, 'Mikrofala LG', 'Mikrofale', 'MS2535GIS', 649.00, NULL),
(760, 'Narzędzia Bosch', 'Narzędzia', 'PSB 1800 LI-2', 899.00, NULL),
(761, 'Odkurzacz Kärcher', 'Odkurzacze', 'WD 3 Premium', 399.00, NULL),
(762, 'Piekarnik Electrolux', 'Piekarniki', 'EOB9S31Z', 2399.00, NULL),
(763, 'Pralka LG', 'Pralki', 'F4V509WS', 2199.00, NULL),
(764, 'Suszarka Philips', 'Suszarki', 'HP8233/00', 159.00, NULL),
(765, 'Telewizor Samsung', 'Telewizory', 'QE55Q70AAT', 4999.00, NULL),
(766, 'Zmywarka Bosch', 'Zmywarki', 'SMV68MX03E', 2899.00, NULL);

-- --------------------------------------------------------

--
-- Struktura tabeli dla tabeli `users`
--

CREATE TABLE `users` (
  `id` bigint(20) NOT NULL,
  `username` varchar(255) NOT NULL,
  `password` varchar(255) NOT NULL,
  `role` enum('ADMIN','USER') DEFAULT NULL
) ENGINE=InnoDB DEFAULT CHARSET=utf8mb4 COLLATE=utf8mb4_general_ci;

--
-- Dumping data for table `users`
--

INSERT INTO `users` (`id`, `username`, `password`, `role`) VALUES
(1, 'admin', '$2a$10$Ld7bescB1R26JzF4ybxXnet4rtl9TG6upjzmDc4n23S5Vz9l0CdX6', 'ADMIN');

--
-- Indeksy dla zrzutów tabel
--

--
-- Indeksy dla tabeli `clients`
--
ALTER TABLE `clients`
  ADD PRIMARY KEY (`id`);

--
-- Indeksy dla tabeli `orders`
--
ALTER TABLE `orders`
  ADD PRIMARY KEY (`id`),
  ADD KEY `id_klienta` (`id_klienta`);

--
-- Indeksy dla tabeli `products`
--
ALTER TABLE `products`
  ADD PRIMARY KEY (`id`),
  ADD KEY `fk_products_orders` (`id_zamowienia`);

--
-- Indeksy dla tabeli `users`
--
ALTER TABLE `users`
  ADD PRIMARY KEY (`id`);

--
-- AUTO_INCREMENT for dumped tables
--

--
-- AUTO_INCREMENT for table `clients`
--
ALTER TABLE `clients`
  MODIFY `id` bigint(20) NOT NULL AUTO_INCREMENT, AUTO_INCREMENT=243;

--
-- AUTO_INCREMENT for table `orders`
--
ALTER TABLE `orders`
  MODIFY `id` bigint(20) NOT NULL AUTO_INCREMENT, AUTO_INCREMENT=837;

--
-- AUTO_INCREMENT for table `products`
--
ALTER TABLE `products`
  MODIFY `id` bigint(20) NOT NULL AUTO_INCREMENT, AUTO_INCREMENT=767;

--
-- AUTO_INCREMENT for table `users`
--
ALTER TABLE `users`
  MODIFY `id` bigint(20) NOT NULL AUTO_INCREMENT, AUTO_INCREMENT=2;

--
-- Constraints for dumped tables
--

--
-- Constraints for table `orders`
--
ALTER TABLE `orders`
  ADD CONSTRAINT `fk_orders_clients` FOREIGN KEY (`id_klienta`) REFERENCES `clients` (`id`) ON DELETE CASCADE ON UPDATE CASCADE;

--
-- Constraints for table `products`
--
ALTER TABLE `products`
  ADD CONSTRAINT `fk_products_orders` FOREIGN KEY (`id_zamowienia`) REFERENCES `orders` (`id`) ON DELETE SET NULL ON UPDATE CASCADE;
COMMIT;

/*!40101 SET CHARACTER_SET_CLIENT=@OLD_CHARACTER_SET_CLIENT */;
/*!40101 SET CHARACTER_SET_RESULTS=@OLD_CHARACTER_SET_RESULTS */;
/*!40101 SET COLLATION_CONNECTION=@OLD_COLLATION_CONNECTION */;
